,country,equipment_type,equipment_subtype,status,source,date
0,RUS,"Trucks, Vehicles and Jeeps",GAZ-66,captured,https://i.postimg.cc/ncy3jWxy/55488.png,04-03-2022
1,RUS,"Trucks, Vehicles and Jeeps",ZiL-131,destroyed,https://i.postimg.cc/W4yTJ718/n89.jpg,04-03-2022
2,RUS,"Trucks, Vehicles and Jeeps",ZiL-131,abandoned,https://i.postimg.cc/1ttjTBH0/4455.png,04-03-2022
3,RUS,"Trucks, Vehicles and Jeeps",ZiL-131,abandoned,https://i.postimg.cc/8k2Hgm1B/Screenshot-8397.png,04-03-2022
4,RUS,"Trucks, Vehicles and Jeeps",9T452 transporter-loader (for BM-27 'Uragan' MRL),destroyed,https://i.postimg.cc/QNzHJ4Yk/n2.png,04-03-2022
5,RUS,"Trucks, Vehicles and Jeeps",GAZ-3308,abandoned,https://postimg.cc/cg7mbbzG,04-03-2022
6,RUS,"Trucks, Vehicles and Jeeps",GAZ-3308,abandoned,https://postimg.cc/62xczXYh,04-03-2022
7,RUS,"Trucks, Vehicles and Jeeps",GAZ Sobol,destroyed,https://i.postimg.cc/gkPg5HgC/Screenshot-8289.png,04-03-2022
8,RUS,"Trucks, Vehicles and Jeeps",GAZ Sobol,abandoned,https://postimg.cc/87FbS5YH,04-03-2022
9,RUS,"Trucks, Vehicles and Jeeps",Ural-4320,damaged,https://postimg.cc/kVDPCNz0,04-03-2022
10,RUS,"Trucks, Vehicles and Jeeps",Ural-4320,captured,https://i.postimg.cc/vB5YMv7C/754.png,04-03-2022
11,RUS,"Trucks, Vehicles and Jeeps",Ural-4320,captured,https://i.postimg.cc/Z5GKzh1D/r1.png,04-03-2022
12,RUS,"Trucks, Vehicles and Jeeps",Ural-4320,captured,https://i.postimg.cc/pXL1Kn3v/5583.png,04-03-2022
13,RUS,"Trucks, Vehicles and Jeeps",Ural-4320,captured,https://i.postimg.cc/dQSXZBB2/74.png,04-03-2022
14,RUS,"Trucks, Vehicles and Jeeps",Ural-4320,captured,https://i.postimg.cc/Jn500txp/55799.png,04-03-2022
15,RUS,"Trucks, Vehicles and Jeeps",Ural-4320,captured,https://i.postimg.cc/26Mr9sCf/667.png,04-03-2022
16,RUS,"Trucks, Vehicles and Jeeps",Ural-4320,captured,https://i.postimg.cc/VNwZpLhm/663.png,04-03-2022
17,RUS,"Trucks, Vehicles and Jeeps",Ural-4320,captured,https://i.postimg.cc/fR5byVj2/k88.jpg,04-03-2022
18,RUS,"Trucks, Vehicles and Jeeps",Ural-4320,captured,https://i.postimg.cc/CxbjQs0Z/q1.png,04-03-2022
19,RUS,"Trucks, Vehicles and Jeeps",Ural-4320,captured,https://i.postimg.cc/cJZQyt1F/q3.jpg,04-03-2022
20,RUS,"Trucks, Vehicles and Jeeps",Ural-4320,captured,https://i.postimg.cc/R0RwMCN4/q4.jpg,04-03-2022
21,RUS,"Trucks, Vehicles and Jeeps",Ural-4320,captured,https://i.postimg.cc/nzhBM8D7/q5.jpg,04-03-2022
22,RUS,"Trucks, Vehicles and Jeeps",Ural-4320,captured,https://i.postimg.cc/Zn9NFrj5/q6.jpg,04-03-2022
23,RUS,"Trucks, Vehicles and Jeeps",Ural-4320,captured,https://i.postimg.cc/269vZHQt/q7.png,04-03-2022
24,RUS,"Trucks, Vehicles and Jeeps",Ural-4320,captured,https://i.postimg.cc/RhjHPNbQ/q8.png,04-03-2022
25,RUS,"Trucks, Vehicles and Jeeps",Ural-4320,captured,https://i.postimg.cc/7Pc0PWYG/q9.jpg,04-03-2022
26,RUS,"Trucks, Vehicles and Jeeps",Ural-4320,captured,https://i.postimg.cc/Tw1hHZ5d/77h.png,04-03-2022
27,RUS,"Trucks, Vehicles and Jeeps",Ural-4320,captured,https://i.postimg.cc/zvFf4vcZ/Screenshot-8471.png,04-03-2022
28,RUS,"Trucks, Vehicles and Jeeps",Ural-4320,captured,https://i.postimg.cc/6QcY6f4y/Screenshot-8473.png,04-03-2022
29,RUS,"Trucks, Vehicles and Jeeps",Ural-4320,captured,https://postimg.cc/gryBVFjK,04-03-2022
30,RUS,"Trucks, Vehicles and Jeeps",Ural-4320,captured,https://i.postimg.cc/0Qx3NNNy/bn8.png,04-03-2022
31,RUS,"Trucks, Vehicles and Jeeps",Ural-4320,captured,https://i.postimg.cc/brjQ7Srg/66522.png,04-03-2022
32,RUS,"Trucks, Vehicles and Jeeps",Ural-4320,captured,https://i.postimg.cc/WbY733HN/4g.png,04-03-2022
33,RUS,"Trucks, Vehicles and Jeeps",Ural-4320,captured,https://i.postimg.cc/SR1yPs6s/f2.png,04-03-2022
34,RUS,"Trucks, Vehicles and Jeeps",Ural-4320,captured,https://i.postimg.cc/SR1yPs6s/f2.png,04-03-2022
35,RUS,"Trucks, Vehicles and Jeeps",Ural-4320,captured,https://i.postimg.cc/vmPKKKjX/r1.png,04-03-2022
36,RUS,"Trucks, Vehicles and Jeeps",Ural-4320,captured,https://i.postimg.cc/RZ337kgr/p2.png,04-03-2022
37,RUS,"Trucks, Vehicles and Jeeps",Ural-4320,captured,https://i.postimg.cc/jSm1s8cQ/f57.png,04-03-2022
38,RUS,"Trucks, Vehicles and Jeeps",Ural-4320,captured,https://i.postimg.cc/jSm1s8cQ/f57.png,04-03-2022
39,RUS,"Trucks, Vehicles and Jeeps",Ural-4320,captured,https://i.postimg.cc/FzLk3HcB/g43.jpg,04-03-2022
40,RUS,"Trucks, Vehicles and Jeeps",Ural-4320,captured,https://i.postimg.cc/3JZg39j4/u1.jpg,04-03-2022
41,RUS,"Trucks, Vehicles and Jeeps",Ural-4320,captured,https://i.postimg.cc/BQ3TWRFf/u2.jpg,04-03-2022
42,RUS,"Trucks, Vehicles and Jeeps",Ural-4320,captured,https://i.postimg.cc/MT3RB1JY/4f70.png,04-03-2022
43,RUS,"Trucks, Vehicles and Jeeps",Ural-4320,destroyed,https://postimg.cc/5jvTwsWN,04-03-2022
44,RUS,"Trucks, Vehicles and Jeeps",Ural-4320,destroyed,https://postimg.cc/vxWKbZt6,04-03-2022
45,RUS,"Trucks, Vehicles and Jeeps",Ural-4320,destroyed,https://postimg.cc/HVgK3bT0,04-03-2022
46,RUS,"Trucks, Vehicles and Jeeps",Ural-4320,destroyed,https://postimg.cc/f3bh0QRp,04-03-2022
47,RUS,"Trucks, Vehicles and Jeeps",Ural-4320,destroyed,https://postimg.cc/YvjdC8vQ,04-03-2022
48,RUS,"Trucks, Vehicles and Jeeps",Ural-4320,destroyed,https://postimg.cc/KR09bC8Z,04-03-2022
49,RUS,"Trucks, Vehicles and Jeeps",Ural-4320,destroyed,https://i.postimg.cc/QdHyx61H/57.png,04-03-2022
50,RUS,"Trucks, Vehicles and Jeeps",Ural-4320,destroyed,https://i.postimg.cc/cHbtsDMx/a1.png,04-03-2022
51,RUS,"Trucks, Vehicles and Jeeps",Ural-4320,destroyed,https://i.postimg.cc/hPY0MfcX/5579.png,04-03-2022
52,RUS,"Trucks, Vehicles and Jeeps",Ural-4320,destroyed,https://i.postimg.cc/XNdxpWCR/b788.png,04-03-2022
53,RUS,"Trucks, Vehicles and Jeeps",Ural-4320,destroyed,https://i.postimg.cc/43C4BpW2/bn8.png,04-03-2022
54,RUS,"Trucks, Vehicles and Jeeps",Ural-4320,destroyed,https://i.postimg.cc/43C4BpW2/bn8.png,04-03-2022
55,RUS,"Trucks, Vehicles and Jeeps",Ural-4320,destroyed,https://postimg.cc/kDPjqNFh,04-03-2022
56,RUS,"Trucks, Vehicles and Jeeps",Ural-4320,destroyed,https://i.postimg.cc/wBfFwpNT/6680.png,04-03-2022
57,RUS,"Trucks, Vehicles and Jeeps",Ural-4320,destroyed,https://i.postimg.cc/d1y6JQnH/b65.png,04-03-2022
58,RUS,"Trucks, Vehicles and Jeeps",Ural-4320,destroyed,https://i.postimg.cc/d1y6JQnH/b65.png,04-03-2022
59,RUS,"Trucks, Vehicles and Jeeps",Ural-4320,destroyed,https://i.postimg.cc/j5sDNGpb/d33.png,04-03-2022
60,RUS,"Trucks, Vehicles and Jeeps",Ural-4320,destroyed,https://i.postimg.cc/3w8MF5T8/f43.png,04-03-2022
61,RUS,"Trucks, Vehicles and Jeeps",Ural-4320,destroyed,https://i.postimg.cc/rw7JS1Gj/h8.jpg,04-03-2022
62,RUS,"Trucks, Vehicles and Jeeps",Ural-4320,destroyed,https://i.postimg.cc/QMknpc1R/uk.jpg,04-03-2022
63,RUS,"Trucks, Vehicles and Jeeps",Ural-4320,destroyed,https://i.postimg.cc/hvwCSsR7/ukk.jpg,04-03-2022
64,RUS,"Trucks, Vehicles and Jeeps",Ural-4320,abandoned,https://i.postimg.cc/R0KVpG33/Screenshot-8272.png,04-03-2022
65,RUS,"Trucks, Vehicles and Jeeps",Ural-4320,abandoned,https://postimg.cc/yDMtjPBF,04-03-2022
66,RUS,"Trucks, Vehicles and Jeeps",Ural-4320,abandoned,https://i.postimg.cc/3NZBVjmC/j8l.jpg,04-03-2022
67,RUS,"Trucks, Vehicles and Jeeps",Ural-4320,abandoned,https://postimg.cc/SXqk7XMx,04-03-2022
68,RUS,"Trucks, Vehicles and Jeeps",Ural-4320,abandoned,https://postimg.cc/fVYM97kP,04-03-2022
69,RUS,"Trucks, Vehicles and Jeeps",Ural-4320,abandoned,https://i.postimg.cc/kMY6zXXK/g43.png,04-03-2022
70,RUS,"Trucks, Vehicles and Jeeps",Ural-4320,abandoned,https://i.postimg.cc/ZKHxv1VF/d12.png,04-03-2022
71,RUS,"Trucks, Vehicles and Jeeps",Ural-4320,abandoned,https://i.postimg.cc/vTzf9VLH/f2.png,04-03-2022
72,RUS,"Trucks, Vehicles and Jeeps",Ural-4320,damaged and abandoned,https://postimg.cc/w12pvjgD,04-03-2022
73,RUS,"Trucks, Vehicles and Jeeps",Ural-4320,damaged and captured,https://i.postimg.cc/fR5byVj2/k88.jpg,04-03-2022
74,RUS,"Trucks, Vehicles and Jeeps",Ural-4320,destroyed by Bayraktar TB2,https://postimg.cc/PvwcD3Fp,04-03-2022
75,RUS,"Trucks, Vehicles and Jeeps",Ural-4320,destroyed by Bayraktar TB2,https://postimg.cc/PvwcD3Fp,04-03-2022
76,RUS,"Trucks, Vehicles and Jeeps",Ural-43206,captured,https://i.postimg.cc/pdjsnMg9/c1.png,04-03-2022
77,RUS,"Trucks, Vehicles and Jeeps",Ural-43206,captured,https://i.postimg.cc/1tZJGYQv/c2.png,04-03-2022
78,RUS,"Trucks, Vehicles and Jeeps",Ural-43206,captured,https://i.postimg.cc/4xTDmwy5/Screenshot-8474.png,04-03-2022
79,RUS,"Trucks, Vehicles and Jeeps",Ural-43206,captured,https://i.postimg.cc/D0q051ZQ/g788.png,04-03-2022
80,RUS,"Trucks, Vehicles and Jeeps",Ural-43206,captured,https://i.postimg.cc/D0q051ZQ/g788.png,04-03-2022
81,RUS,"Trucks, Vehicles and Jeeps",Ural-43206,captured,https://i.postimg.cc/vm6DrVLL/h79.jpg,04-03-2022
82,RUS,"Trucks, Vehicles and Jeeps",Ural-43206,captured,https://i.postimg.cc/LsWQyqd4/g59.png,04-03-2022
83,RUS,"Trucks, Vehicles and Jeeps",Ural-43206,captured,https://i.postimg.cc/LsWQyqd4/g59.png,04-03-2022
84,RUS,"Trucks, Vehicles and Jeeps",Ural-43206,captured,https://i.postimg.cc/LsWQyqd4/g59.png,04-03-2022
85,RUS,"Trucks, Vehicles and Jeeps",Ural-43206,destroyed,https://i.postimg.cc/9Q7VDLd8/ff4467.png,04-03-2022
86,RUS,"Trucks, Vehicles and Jeeps",Ural-43206,abandoned,https://i.postimg.cc/k4x56Cb5/Screenshot-8409.png,04-03-2022
87,RUS,"Trucks, Vehicles and Jeeps",Ural Federal,destroyed,https://postimg.cc/YvcvvC98,04-03-2022
88,RUS,"Trucks, Vehicles and Jeeps",Ural Federal,abandoned,https://postimg.cc/4nNVGy79,04-03-2022
89,RUS,"Trucks, Vehicles and Jeeps",Ural Federal,abandoned,https://postimg.cc/c6Hgjz27,04-03-2022
90,RUS,"Trucks, Vehicles and Jeeps",Ural Federal,abandoned,https://i.postimg.cc/JhwxKbT0/4454.jpg,04-03-2022
91,RUS,"Trucks, Vehicles and Jeeps",Ural-542301 tank transporter,abandoned,https://i.postimg.cc/63s3pqTS/Screenshot-8407.png,04-03-2022
92,RUS,"Trucks, Vehicles and Jeeps",KamAZ 6x6,damaged,https://i.postimg.cc/kGnW3KWg/880.png,04-03-2022
93,RUS,"Trucks, Vehicles and Jeeps",KamAZ 6x6,damaged,https://i.postimg.cc/XYdzk891/5g.png,04-03-2022
94,RUS,"Trucks, Vehicles and Jeeps",KamAZ 6x6,captured,https://i.postimg.cc/Hn7xkb8m/688.png,04-03-2022
95,RUS,"Trucks, Vehicles and Jeeps",KamAZ 6x6,captured,https://i.postimg.cc/YSQ2ps72/r2.png,04-03-2022
96,RUS,"Trucks, Vehicles and Jeeps",KamAZ 6x6,captured,https://i.postimg.cc/gJ6f7NZ3/57.png,04-03-2022
97,RUS,"Trucks, Vehicles and Jeeps",KamAZ 6x6,captured,https://i.postimg.cc/VkXF0qmD/6599.png,04-03-2022
98,RUS,"Trucks, Vehicles and Jeeps",KamAZ 6x6,captured,https://i.postimg.cc/DZ0Q5pHc/6652.png,04-03-2022
99,RUS,"Trucks, Vehicles and Jeeps",KamAZ 6x6,captured,https://i.postimg.cc/DZ0Q5pHc/6652.png,04-03-2022
100,RUS,"Trucks, Vehicles and Jeeps",KamAZ 6x6,captured,https://i.postimg.cc/1ttCbb4J/tt1.png,04-03-2022
101,RUS,"Trucks, Vehicles and Jeeps",KamAZ 6x6,captured,https://i.postimg.cc/15tY3vhL/4456.png,04-03-2022
102,RUS,"Trucks, Vehicles and Jeeps",KamAZ 6x6,captured,https://i.postimg.cc/W3YpnCfM/b6.jpg,04-03-2022
103,RUS,"Trucks, Vehicles and Jeeps",KamAZ 6x6,captured,https://i.postimg.cc/k5QJrzV3/872.png,04-03-2022
104,RUS,"Trucks, Vehicles and Jeeps",KamAZ 6x6,captured,https://i.postimg.cc/k5QJrzV3/872.png,04-03-2022
105,RUS,"Trucks, Vehicles and Jeeps",KamAZ 6x6,captured,https://postimg.cc/1f97MCN1,04-03-2022
106,RUS,"Trucks, Vehicles and Jeeps",KamAZ 6x6,captured,https://i.postimg.cc/mrWNYRrH/5433.png,04-03-2022
107,RUS,"Trucks, Vehicles and Jeeps",KamAZ 6x6,captured,https://i.postimg.cc/dQhZ41xT/443.png,04-03-2022
108,RUS,"Trucks, Vehicles and Jeeps",KamAZ 6x6,captured,https://i.postimg.cc/CMZjk24Y/f65.png,04-03-2022
109,RUS,"Trucks, Vehicles and Jeeps",KamAZ 6x6,captured,https://i.postimg.cc/CMZjk24Y/f65.png,04-03-2022
110,RUS,"Trucks, Vehicles and Jeeps",KamAZ 6x6,captured,https://i.postimg.cc/vHq2KnbR/Screenshot-8561.png,04-03-2022
111,RUS,"Trucks, Vehicles and Jeeps",KamAZ 6x6,captured,https://i.postimg.cc/BbM8p4W3/p1.png,04-03-2022
112,RUS,"Trucks, Vehicles and Jeeps",KamAZ 6x6,captured,https://i.postimg.cc/Bbj44g2S/5580.png,04-03-2022
113,RUS,"Trucks, Vehicles and Jeeps",KamAZ 6x6,captured,https://i.postimg.cc/23RZybKP/6800.png,04-03-2022
114,RUS,"Trucks, Vehicles and Jeeps",KamAZ 6x6,destroyed,https://i.postimg.cc/K8dLcdtV/h0.png,04-03-2022
115,RUS,"Trucks, Vehicles and Jeeps",KamAZ 6x6,destroyed,https://i.postimg.cc/G2Ndj56v/Screenshot-8192.png,04-03-2022
116,RUS,"Trucks, Vehicles and Jeeps",KamAZ 6x6,destroyed,https://i.postimg.cc/mhW4vFLD/Screenshot-8193.png,04-03-2022
117,RUS,"Trucks, Vehicles and Jeeps",KamAZ 6x6,destroyed,https://i.postimg.cc/MpmpyDDG/Screenshot-8209.png,04-03-2022
118,RUS,"Trucks, Vehicles and Jeeps",KamAZ 6x6,destroyed,https://i.postimg.cc/nc8Fg5Sz/Screenshot-8215.png,04-03-2022
119,RUS,"Trucks, Vehicles and Jeeps",KamAZ 6x6,destroyed,https://i.postimg.cc/jj8q1SB0/Screenshot-8210.png,04-03-2022
120,RUS,"Trucks, Vehicles and Jeeps",KamAZ 6x6,destroyed,https://i.postimg.cc/nzgFHwH3/Screenshot-8211.png,04-03-2022
121,RUS,"Trucks, Vehicles and Jeeps",KamAZ 6x6,destroyed,https://postimg.cc/PvG7gwYj,04-03-2022
122,RUS,"Trucks, Vehicles and Jeeps",KamAZ 6x6,destroyed,https://i.postimg.cc/wjDYJj9c/Screenshot-8224.png,04-03-2022
123,RUS,"Trucks, Vehicles and Jeeps",KamAZ 6x6,destroyed,https://i.postimg.cc/dQmFbzNj/6888.png,04-03-2022
124,RUS,"Trucks, Vehicles and Jeeps",KamAZ 6x6,destroyed,https://i.postimg.cc/zfp7Rm55/Screenshot-8276.png,04-03-2022
125,RUS,"Trucks, Vehicles and Jeeps",KamAZ 6x6,destroyed,https://i.postimg.cc/nrMnttVL/7k.png,04-03-2022
126,RUS,"Trucks, Vehicles and Jeeps",KamAZ 6x6,destroyed,https://i.postimg.cc/gkPg5HgC/Screenshot-8289.png,04-03-2022
127,RUS,"Trucks, Vehicles and Jeeps",KamAZ 6x6,destroyed,https://postimg.cc/5QNwkNv8,04-03-2022
128,RUS,"Trucks, Vehicles and Jeeps",KamAZ 6x6,destroyed,https://i.postimg.cc/kXvznpZN/v7.png,04-03-2022
129,RUS,"Trucks, Vehicles and Jeeps",KamAZ 6x6,destroyed,https://postimg.cc/rd1xVtNS,04-03-2022
130,RUS,"Trucks, Vehicles and Jeeps",KamAZ 6x6,destroyed,https://postimg.cc/KRCMt59P,04-03-2022
131,RUS,"Trucks, Vehicles and Jeeps",KamAZ 6x6,destroyed,https://i.postimg.cc/hPqDmdpD/554.png,04-03-2022
132,RUS,"Trucks, Vehicles and Jeeps",KamAZ 6x6,destroyed,https://i.postimg.cc/hPqDmdpD/554.png,04-03-2022
133,RUS,"Trucks, Vehicles and Jeeps",KamAZ 6x6,destroyed,https://i.postimg.cc/3RKjWRVn/6657.png,04-03-2022
134,RUS,"Trucks, Vehicles and Jeeps",KamAZ 6x6,destroyed,https://i.postimg.cc/dVZtMRWY/4456.png,04-03-2022
135,RUS,"Trucks, Vehicles and Jeeps",KamAZ 6x6,destroyed,https://i.postimg.cc/1ttjTBH0/4455.png,04-03-2022
136,RUS,"Trucks, Vehicles and Jeeps",KamAZ 6x6,destroyed,https://i.postimg.cc/gjV6fNhS/5557.png,04-03-2022
137,RUS,"Trucks, Vehicles and Jeeps",KamAZ 6x6,destroyed,https://i.postimg.cc/6Q0p7yrb/b7.jpg,04-03-2022
138,RUS,"Trucks, Vehicles and Jeeps",KamAZ 6x6,destroyed,https://i.postimg.cc/RhCvjJ0x/ttr.jpg,04-03-2022
139,RUS,"Trucks, Vehicles and Jeeps",KamAZ 6x6,destroyed,https://i.postimg.cc/c4Hsh3jQ/ttrr.jpg,04-03-2022
140,RUS,"Trucks, Vehicles and Jeeps",KamAZ 6x6,destroyed,https://i.postimg.cc/bvXpqBvT/b677.jpg,04-03-2022
141,RUS,"Trucks, Vehicles and Jeeps",KamAZ 6x6,destroyed,https://i.postimg.cc/PrKPQdFp/Screenshot-8399.png,04-03-2022
142,RUS,"Trucks, Vehicles and Jeeps",KamAZ 6x6,destroyed,https://i.postimg.cc/qRdCnYt1/b6.png,04-03-2022
143,RUS,"Trucks, Vehicles and Jeeps",KamAZ 6x6,destroyed,https://i.postimg.cc/BvPBrgh2/7u.png,04-03-2022
144,RUS,"Trucks, Vehicles and Jeeps",KamAZ 6x6,destroyed,https://i.postimg.cc/HxQ4xL1x/8u.png,04-03-2022
145,RUS,"Trucks, Vehicles and Jeeps",KamAZ 6x6,destroyed,https://i.postimg.cc/wBfFwpNT/6680.png,04-03-2022
146,RUS,"Trucks, Vehicles and Jeeps",KamAZ 6x6,destroyed,https://i.postimg.cc/zfSdmcc4/b00.jpg,04-03-2022
147,RUS,"Trucks, Vehicles and Jeeps",KamAZ 6x6,destroyed,https://i.postimg.cc/xC6t8bYR/b0.jpg,04-03-2022
148,RUS,"Trucks, Vehicles and Jeeps",KamAZ 6x6,destroyed,https://i.postimg.cc/WbyCJF97/g32.jpg,04-03-2022
149,RUS,"Trucks, Vehicles and Jeeps",KamAZ 6x6,destroyed,https://i.postimg.cc/RVN3Sy6D/4g.png,04-03-2022
150,RUS,"Trucks, Vehicles and Jeeps",KamAZ 6x6,abandoned,https://i.postimg.cc/CK9ZnJrc/Screenshot-8398.png,04-03-2022
151,RUS,"Trucks, Vehicles and Jeeps",KamAZ 6x6,abandoned,https://i.postimg.cc/9F0M05Tb/Screenshot-8232.png,04-03-2022
152,RUS,"Trucks, Vehicles and Jeeps",KamAZ 6x6,abandoned,https://i.postimg.cc/RFmCkffg/Screenshot-8273.png,04-03-2022
153,RUS,"Trucks, Vehicles and Jeeps",KamAZ 6x6,abandoned,https://postimg.cc/zVzd9q5t,04-03-2022
154,RUS,"Trucks, Vehicles and Jeeps",KamAZ 6x6,abandoned,https://i.postimg.cc/Pq6cnvCm/Screenshot-8284.png,04-03-2022
155,RUS,"Trucks, Vehicles and Jeeps",KamAZ 6x6,abandoned,https://i.postimg.cc/bNQBNBGY/Screenshot-8285.png,04-03-2022
156,RUS,"Trucks, Vehicles and Jeeps",KamAZ 6x6,abandoned,https://postimg.cc/VS80VkP5,04-03-2022
157,RUS,"Trucks, Vehicles and Jeeps",KamAZ 6x6,abandoned,https://postimg.cc/CznZMqFz,04-03-2022
158,RUS,"Trucks, Vehicles and Jeeps",KamAZ 6x6,abandoned,https://i.postimg.cc/tCPccYNm/v8.png,04-03-2022
159,RUS,"Trucks, Vehicles and Jeeps",KamAZ 6x6,abandoned,https://i.postimg.cc/tCPccYNm/v8.png,04-03-2022
160,RUS,"Trucks, Vehicles and Jeeps",KamAZ 6x6,abandoned,https://i.postimg.cc/xTNQw51P/aa1.jpg,04-03-2022
161,RUS,"Trucks, Vehicles and Jeeps",KamAZ 6x6,abandoned,https://i.postimg.cc/RC6RYDzZ/Screenshot-8396.png,04-03-2022
162,RUS,"Trucks, Vehicles and Jeeps",KamAZ 6x6,abandoned,https://i.postimg.cc/ZqYR92LP/Screenshot-8486.png,04-03-2022
163,RUS,"Trucks, Vehicles and Jeeps",KamAZ 6x6,abandoned,https://i.postimg.cc/Pf0f1L53/v3.png,04-03-2022
164,RUS,"Trucks, Vehicles and Jeeps",KamAZ 6x6,abandoned,https://i.postimg.cc/sgcVZwrF/ka1.png,04-03-2022
165,RUS,"Trucks, Vehicles and Jeeps",KamAZ 6x6,damaged and captured,https://i.postimg.cc/VkpkSLDj/f87.png,04-03-2022
166,RUS,"Trucks, Vehicles and Jeeps",KamAZ 6x6,destroyed by Bayraktar TB2,https://i.postimg.cc/TwqThWRp/8875.png,04-03-2022
167,RUS,"Trucks, Vehicles and Jeeps",KamAZ 6x6,destroyed by Bayraktar TB2,https://postimg.cc/G9KswLMf,04-03-2022
168,RUS,"Trucks, Vehicles and Jeeps",KamAZ 6x6,destroyed by Bayraktar TB2,https://i.postimg.cc/yYMXXbCM/vb.png,04-03-2022
169,RUS,"Trucks, Vehicles and Jeeps",KamAZ 6x6,destroyed by Bayraktar TB2,https://i.postimg.cc/yYMXXbCM/vb.png,04-03-2022
170,RUS,"Trucks, Vehicles and Jeeps",KamAZ 6x6,destroyed by Bayraktar TB2,https://i.postimg.cc/26rzdvFN/m8.png,04-03-2022
171,RUS,"Trucks, Vehicles and Jeeps",KamAZ Avtozaks,captured,https://i.postimg.cc/dQhZ41xT/443.png,04-03-2022
172,RUS,"Trucks, Vehicles and Jeeps",KamAZ Avtozaks,destroyed,https://i.postimg.cc/8C0xX3fD/t6.jpg,04-03-2022
173,RUS,"Trucks, Vehicles and Jeeps",KamAZ Avtozaks,destroyed,https://i.postimg.cc/wMKZgmkG/t7.jpg,04-03-2022
174,RUS,"Trucks, Vehicles and Jeeps",KamAZ with armoured cabin,destroyed,https://i.postimg.cc/rmWjR3ww/335.png,04-03-2022
175,RUS,"Trucks, Vehicles and Jeeps",KamAZ with armoured cabin,abandoned,https://i.postimg.cc/k5h1G2f3/39.png,04-03-2022
176,RUS,"Trucks, Vehicles and Jeeps",KamAZ-6350 8x8 artillery tractor,destroyed by Bayraktar TB2,https://i.postimg.cc/VvPSc7kX/Screenshot-8070.png,04-03-2022
177,RUS,"Trucks, Vehicles and Jeeps",KamAZ-6350 8x8 artillery tractor,destroyed by Bayraktar TB2,https://i.postimg.cc/br0ZYQZW/Screenshot-8071.png,04-03-2022
178,RUS,"Trucks, Vehicles and Jeeps",KamAZ-6350 8x8 artillery tractor,damaged by Bayraktar TB2 and captured,https://i.postimg.cc/br6jRJWd/Screenshot-8072.png,04-03-2022
179,RUS,"Trucks, Vehicles and Jeeps",KamAZ-6350 8x8 artillery tractor,damaged by Bayraktar TB2 and captured,https://i.postimg.cc/nczxh49m/Screenshot-8074.png,04-03-2022
180,RUS,"Trucks, Vehicles and Jeeps",UAZ Patriot,abandoned,https://i.postimg.cc/fyZfXHtc/g223.png,04-03-2022
181,RUS,"Trucks, Vehicles and Jeeps",Unknown truck,captured,https://i.postimg.cc/Y994gyQF/431.png,04-03-2022
182,RUS,"Trucks, Vehicles and Jeeps",Unknown truck,captured,https://i.postimg.cc/G38hB3zL/658.png,04-03-2022
183,RUS,"Trucks, Vehicles and Jeeps",Unknown truck,captured,https://i.postimg.cc/prw0P3Ww/57.png,04-03-2022
184,RUS,"Trucks, Vehicles and Jeeps",Unknown truck,destroyed,https://twitter.com/UAWeapons/status/1498757622211784707,04-03-2022
185,RUS,"Trucks, Vehicles and Jeeps",Unknown truck,destroyed,https://i.postimg.cc/2ShwH1v8/f43.png,04-03-2022
186,RUS,"Trucks, Vehicles and Jeeps",Unknown truck,destroyed,https://i.postimg.cc/h4TPx8Nh/76j.png,04-03-2022
187,RUS,"Trucks, Vehicles and Jeeps",Unknown truck,destroyed,https://i.postimg.cc/Y95XFLhB/6hf.png,04-03-2022
188,RUS,"Trucks, Vehicles and Jeeps",Unknown truck,destroyed,https://i.postimg.cc/jj2Z5JHc/b788.png,04-03-2022
189,RUS,"Trucks, Vehicles and Jeeps",Unknown truck,destroyed,https://i.postimg.cc/0js4by2N/bn8.png,04-03-2022
190,RUS,"Trucks, Vehicles and Jeeps",Unknown truck,destroyed,https://i.postimg.cc/0js4by2N/bn8.png,04-03-2022
191,RUS,"Trucks, Vehicles and Jeeps",Unknown truck,destroyed,https://twitter.com/UAWeapons/status/1499429718281625601,04-03-2022
192,RUS,"Trucks, Vehicles and Jeeps",Unknown truck,destroyed,https://i.postimg.cc/3R5NnxtM/h78.jpg,04-03-2022
193,RUS,"Trucks, Vehicles and Jeeps",Unknown truck,damaged and abandoned,https://i.postimg.cc/26pbyqvZ/v56.png,04-03-2022
194,RUS,"Trucks, Vehicles and Jeeps",Unknown truck,destroyed by Bayraktar TB2,https://i.postimg.cc/3wn7wzQM/686.png,04-03-2022
195,RUS,"Trucks, Vehicles and Jeeps",Unknown truck,destroyed by Bayraktar TB2,https://i.postimg.cc/3wn7wzQM/686.png,04-03-2022
196,RUS,"Trucks, Vehicles and Jeeps",Unknown truck,destroyed by Bayraktar TB2,https://i.postimg.cc/3wn7wzQM/686.png,04-03-2022
197,RUS,"Trucks, Vehicles and Jeeps",Unknown truck,destroyed by Bayraktar TB2,https://i.postimg.cc/3wn7wzQM/686.png,04-03-2022
198,RUS,"Trucks, Vehicles and Jeeps",Unknown truck,destroyed by Bayraktar TB2,https://i.postimg.cc/3wn7wzQM/686.png,04-03-2022
199,RUS,"Trucks, Vehicles and Jeeps",Unknown truck,destroyed by Bayraktar TB2,https://i.postimg.cc/3wn7wzQM/686.png,04-03-2022
200,RUS,"Trucks, Vehicles and Jeeps",Unknown truck,destroyed by Bayraktar TB2,https://i.postimg.cc/3wn7wzQM/686.png,04-03-2022
201,RUS,"Trucks, Vehicles and Jeeps",Unknown truck,destroyed by Bayraktar TB2,https://i.postimg.cc/3wn7wzQM/686.png,04-03-2022
202,RUS,"Trucks, Vehicles and Jeeps",Unknown vehicle,destroyed,https://i.postimg.cc/cLy31D99/557.png,04-03-2022
203,RUS,"Trucks, Vehicles and Jeeps",Unknown vehicle,destroyed,https://i.postimg.cc/L5WpLtHC/370.png,04-03-2022
204,RUS,"Trucks, Vehicles and Jeeps",Unknown vehicle,destroyed,https://i.postimg.cc/v8Jyk5sf/4k.png,04-03-2022
205,RUS,"Trucks, Vehicles and Jeeps",Unknown vehicle,destroyed,https://i.postimg.cc/v8Jyk5sf/4k.png,04-03-2022
206,RUS,Logistics Trains,Fuel train,destroyed by Bayraktar TB2,https://i.postimg.cc/tTsYnFXR/325.png,04-03-2022
207,RUS,Logistics Trains,Fuel train,destroyed by Bayraktar TB2,https://i.postimg.cc/3NC7kwDJ/mn6.png,04-03-2022
208,RUS,Helicopters,Mi-8 transport helicopter,destroyed,https://i.postimg.cc/mr5q9Wcz/5gk.png ,04-03-2022
209,RUS,Helicopters,Mi-24 attack helicopter,destroyed,https://i.postimg.cc/x1B22Yvq/7755.png,04-03-2022
210,RUS,Helicopters,Mi-35M attack helicopter,destroyed,https://i.postimg.cc/KcdDngcj/556.png ,04-03-2022
211,RUS,Helicopters,Unknown Mi-24/35 attack helicopter,damaged,https://i.postimg.cc/HxryM4jS/Screenshot-8449.png,04-03-2022
212,RUS,Helicopters,Unknown Mi-24/35 attack helicopter,destroyed,https://i.postimg.cc/26gB7bZC/Screenshot-8450.png,04-03-2022
213,RUS,Helicopters,Ka-52 'Alligator' attack helicopter,destroyed,https://i.postimg.cc/PJGKCtCv/658.png,04-03-2022
214,RUS,Helicopters,Ka-52 'Alligator' attack helicopter,damaged and abandoned,https://i.postimg.cc/kXX8gFLx/769.png,04-03-2022
215,RUS,Helicopters,Ka-52 'Alligator' attack helicopter,damaged and abandoned,https://i.postimg.cc/Zqj182jJ/987.png,04-03-2022
216,RUS,Unmanned Aerial Vehicles,E95M (likely used as unmanned bait in order for Ukraine to reveal the location of air defence systems),captured,https://i.postimg.cc/GpYjry8V/46.png,04-03-2022
217,RUS,Aircraft,Su-25 close air support aircraft,destroyed,https://tass.ru/armiya-i-opk/13840645,04-03-2022
218,RUS,Aircraft,Su-25 close air support aircraft,destroyed,https://i.postimg.cc/Mp371YRh/675.png,04-03-2022
219,RUS,Aircraft,Su-25 close air support aircraft,destroyed,https://i.postimg.cc/VNx7Xd0x/n86.png,04-03-2022
220,RUS,Aircraft,Su-25SM3 close air support aircraft,destroyed,https://i.postimg.cc/SsTkvvtc/46.png,04-03-2022
221,RUS,Aircraft,Su-30SM multirole aircraft,destroyed on the ground,https://i.postimg.cc/QNPryLw9/7699.png,04-03-2022
222,RUS,Aircraft,An-26 transport aircraft,destroyed,https://i.postimg.cc/R0ppMFNQ/448.png,04-03-2022
223,RUS,Jammers And Deception Systems,R-330BMV Borisoglebsk-2B,damaged,https://i.postimg.cc/wvzPRKsx/333.png,04-03-2022
224,RUS,Surface-To-Air Missile Systems,9K33 Osa,captured,https://i.postimg.cc/ncXNZ3Yr/zx3.png,04-03-2022
225,RUS,Surface-To-Air Missile Systems,9K33 Osa,captured,https://i.postimg.cc/pXQz9HB6/67.png,04-03-2022
226,RUS,Surface-To-Air Missile Systems,9K33 Osa,destroyed,https://i.postimg.cc/xChnM7jX/n2.png ,04-03-2022
227,RUS,Surface-To-Air Missile Systems,9K33 Osa,abandoned,https://i.postimg.cc/3RKjWRVn/6657.png,04-03-2022
228,RUS,Surface-To-Air Missile Systems,9K35 Strela-10,captured,https://i.postimg.cc/C5cvXW27/6656.png,04-03-2022
229,RUS,Surface-To-Air Missile Systems,9K35 Strela-10,abandoned,https://i.postimg.cc/rmQmjFmn/542.png,04-03-2022
230,RUS,Surface-To-Air Missile Systems,9K35 Strela-10,abandoned,https://i.postimg.cc/FKXqgKZj/n8.jpg,04-03-2022
231,RUS,Surface-To-Air Missile Systems,9K35 Strela-10,abandoned,https://i.postimg.cc/gcVRwKgk/v56.png,04-03-2022
232,RUS,Surface-To-Air Missile Systems,9A310M1 TELAR (for Buk-M1-2),damaged,https://i.postimg.cc/DZXDG2k3/779.png,04-03-2022
233,RUS,Surface-To-Air Missile Systems,9A310M1 TELAR (for Buk-M1-2),destroyed by Bayraktar TB2,https://i.postimg.cc/7LmZpjbQ/3k.png,04-03-2022
234,RUS,Surface-To-Air Missile Systems,9A39M1 TEL (for Buk-M1-2),destroyed by Bayraktar TB2,https://i.postimg.cc/T1P7tLF4/3k.png,04-03-2022
235,RUS,Surface-To-Air Missile Systems,9A310M2 TELAR (for Buk-M2),destroyed by Bayraktar TB2,https://i.postimg.cc/J0Rvd5GM/7688.png,04-03-2022
236,RUS,Surface-To-Air Missile Systems,9A39M2 TEL (for Buk-M2),destroyed by Bayraktar TB2,https://i.postimg.cc/J0Rvd5GM/7688.png,04-03-2022
237,RUS,Surface-To-Air Missile Systems,Tor-M2,captured,https://i.postimg.cc/KzsFBDcQ/f3.png,04-03-2022
238,RUS,Surface-To-Air Missile Systems,Tor-M2,destroyed by Bayraktar TB2,https://i.postimg.cc/5tS4wn32/578.png,04-03-2022
239,RUS,Surface-To-Air Missile Systems,Pantsir-S1,captured,https://postimg.cc/TpB4Xtbs/ec2c4921,04-03-2022
240,RUS,Surface-To-Air Missile Systems,Pantsir-S1,captured,https://i.postimg.cc/QxrxMb4D/k88.png,04-03-2022
241,RUS,Surface-To-Air Missile Systems,Pantsir-S1,destroyed,https://i.postimg.cc/nc1WwSy5/f6.png,04-03-2022
242,RUS,Self-propelled Anti-Aircraft Guns,2K22M1 Tunguska,abandoned,https://i.postimg.cc/Qt3jK6LJ/66577.png,04-03-2022
243,RUS,Self-propelled Anti-Aircraft Guns,2K22M1 Tunguska,damaged and abandoned,https://i.postimg.cc/9MqLyHJZ/764.png,04-03-2022
244,RUS,Self-propelled Anti-Aircraft Guns,2K22M1 Tunguska,abandoned and later destroyed,https://i.postimg.cc/BZ7r1kkf/3d2.png,04-03-2022
245,RUS,Self-propelled Anti-Aircraft Guns,2K22M1 Tunguska,abandoned and later destroyed,https://i.postimg.cc/BZ7r1kkf/3d2.png,04-03-2022
246,RUS,Self-propelled Anti-Aircraft Guns,2K22M1 Tunguska,abandoned and later destroyed,https://i.postimg.cc/BZ7r1kkf/3d2.png,04-03-2022
247,RUS,Self-propelled Anti-Aircraft Guns,2K22M1 Tunguska,abandoned and later destroyed,https://i.postimg.cc/BZ7r1kkf/3d2.png,04-03-2022
248,RUS,Self-propelled Anti-Aircraft Guns,2K22M1 Tunguska,abandoned and later destroyed,https://i.postimg.cc/htLpLCsr/gw.png,04-03-2022
249,RUS,Multiple Rocket Launchers,122mm BM-21 'Grad',captured,https://i.postimg.cc/xCF0twG5/b6.png,04-03-2022
250,RUS,Multiple Rocket Launchers,122mm BM-21 'Grad',captured,https://i.postimg.cc/DZ0Q5pHc/6652.png,04-03-2022
251,RUS,Multiple Rocket Launchers,122mm BM-21 'Grad',captured,https://i.postimg.cc/DZ0Q5pHc/6652.png,04-03-2022
252,RUS,Multiple Rocket Launchers,122mm BM-21 'Grad',captured,https://i.postimg.cc/DZ0Q5pHc/6652.png,04-03-2022
253,RUS,Multiple Rocket Launchers,122mm BM-21 'Grad',captured,https://i.postimg.cc/BvrV7rWP/v66.png,04-03-2022
254,RUS,Multiple Rocket Launchers,122mm BM-21 'Grad',destroyed,https://i.postimg.cc/8c0jfFn1/b6.png,04-03-2022
255,RUS,Multiple Rocket Launchers,122mm BM-21 'Grad',destroyed,https://i.postimg.cc/B65zvHbK/b6.png,04-03-2022
256,RUS,Multiple Rocket Launchers,122mm BM-21 'Grad',destroyed,https://i.postimg.cc/B65zvHbK/b6.png,04-03-2022
257,RUS,Multiple Rocket Launchers,122mm BM-21 'Grad',destroyed,https://i.postimg.cc/x16gjzR1/442.png,04-03-2022
258,RUS,Multiple Rocket Launchers,122mm BM-21 'Grad',destroyed,https://i.postimg.cc/D0J34rK1/v554.png,04-03-2022
259,RUS,Multiple Rocket Launchers,122mm BM-21 'Grad',abandoned,https://i.postimg.cc/1t68G6Ls/Screenshot-8400.png,04-03-2022
260,RUS,Multiple Rocket Launchers,122mm BM-21 'Grad',abandoned,https://i.postimg.cc/T3WhvbLL/v54.png,04-03-2022
261,RUS,Multiple Rocket Launchers,122mm BM-21 'Grad',damaged and captured,https://i.postimg.cc/s2wR9DPH/768.png,04-03-2022
262,RUS,Multiple Rocket Launchers,122mm 2B17 Tornado-G,destroyed,https://i.postimg.cc/fbsfnMYf/bb3.jpg,04-03-2022
263,RUS,Multiple Rocket Launchers,220mm TOS-1A,captured,https://i.postimg.cc/8kFRhmxQ/872.png ,04-03-2022
264,RUS,Self-Propelled Artillery,120mm 2S9 Nona,destroyed,https://i.postimg.cc/TPknCLcF/55433.jpg ,04-03-2022
265,RUS,Self-Propelled Artillery,120mm 2S9 Nona,abandoned,https://i.postimg.cc/KcgFMz7v/543.png,04-03-2022
266,RUS,Self-Propelled Artillery,122mm 2S1 Gvozdika,abandoned,https://i.postimg.cc/qBYJLRq1/63.png ,04-03-2022
267,RUS,Self-Propelled Artillery,152mm 2S3 Akatsiya,captured,https://i.postimg.cc/BQMW1NcT/g3d.png,04-03-2022
268,RUS,Self-Propelled Artillery,152mm 2S3 Akatsiya,captured,https://i.postimg.cc/BQMW1NcT/g3d.png,04-03-2022
269,RUS,Self-Propelled Artillery,152mm 2S3 Akatsiya,destroyed,https://i.postimg.cc/sxhcr26w/668.png,04-03-2022
270,RUS,Self-Propelled Artillery,152mm 2S3 Akatsiya,abandoned,https://i.postimg.cc/XqKGyZDp/Screenshot-8354.png,04-03-2022
271,RUS,Self-Propelled Artillery,152mm 2S3 Akatsiya,abandoned,https://i.postimg.cc/zD2FmSBx/j76.png,04-03-2022
272,RUS,Self-Propelled Artillery,152mm 2S19 Msta-S,captured,https://i.postimg.cc/2Sk1L977/66534.jpg,04-03-2022
273,RUS,Self-Propelled Artillery,152mm 2S19 Msta-S,captured,https://i.postimg.cc/MK00cndM/k8.png,04-03-2022
274,RUS,Self-Propelled Artillery,152mm 2S19 Msta-S,destroyed,https://i.postimg.cc/pXqsWfDd/f68.png,04-03-2022
275,RUS,Self-Propelled Artillery,152mm 2S19 Msta-S,abandoned,https://i.postimg.cc/VkNQR04y/2r.jpg,04-03-2022
276,RUS,Self-Propelled Artillery,152mm 2S19 Msta-S,abandoned,https://i.postimg.cc/Y08W5pnP/557723.png,04-03-2022
277,RUS,Self-Propelled Artillery,152mm 2S19 Msta-S,abandoned,https://i.postimg.cc/SKkpzp7Z/aa2.jpg,04-03-2022
278,RUS,Self-Propelled Artillery,152mm 2S19 Msta-S,abandoned,https://i.postimg.cc/LsDFt0xm/aa3.jpg,04-03-2022
279,RUS,Towed Artillery,122mm D-30 howitzer 2A18,destroyed,https://i.postimg.cc/3wSr3YWv/g66.png,04-03-2022
280,RUS,Towed Artillery,122mm D-30 howitzer 2A18,abandoned,https://i.postimg.cc/zXqyhypY/Screenshot-8404.png,04-03-2022
281,RUS,Towed Artillery,122mm D-30 howitzer 2A18,abandoned,https://i.postimg.cc/DwP0wn1y/Screenshot-8485.png,04-03-2022
282,RUS,Towed Artillery,122mm D-30 howitzer 2A18,abandoned,https://i.postimg.cc/Fs5rrPFD/g66.png,04-03-2022
283,RUS,Towed Artillery,152mm 2A65 Msta-B howitzer,captured,https://postimg.cc/q6CYJkkd,04-03-2022
284,RUS,Towed Artillery,152mm 2A65 Msta-B howitzer,destroyed by Bayraktar TB2,https://i.postimg.cc/prGV0k4f/Screenshot-8069.png,04-03-2022
285,RUS,Towed Artillery,152mm 2A65 Msta-B howitzer,destroyed by Bayraktar TB2,https://i.postimg.cc/05cN22jz/Screenshot-8075.png,04-03-2022
286,RUS,Towed Artillery,152mm 2A65 Msta-B howitzer,destroyed by Bayraktar TB2,https://i.postimg.cc/2Sv4t0Pb/b90.png,04-03-2022
287,RUS,Towed Artillery,152mm 2A65 Msta-B howitzer,damaged by Bayraktar TB2 and captured,https://i.postimg.cc/yYx8J43v/Screenshot-8073.png,04-03-2022
288,RUS,Heavy Mortars,120mm 2B11/2S12,captured,https://i.postimg.cc/SKhJwYXP/4703.png,04-03-2022
289,RUS,Heavy Mortars,120mm 2B11/2S12,captured,https://i.postimg.cc/Xv95D8vY/579.png,04-03-2022
290,RUS,Heavy Mortars,120mm 2B11/2S12A,captured,https://i.postimg.cc/x11CC0NR/550.png,04-03-2022
291,RUS,Man-Portable Air Defence Systems,9K38 Igla,captured,https://i.postimg.cc/HLgyxQ2D/v2.png,04-03-2022
292,RUS,Man-Portable Air Defence Systems,9K333 Verba,captured,https://i.postimg.cc/L5R8zQNj/d13.png,04-03-2022
293,RUS,Man-Portable Air Defence Systems,9K333 Verba,captured,https://i.postimg.cc/L5R8zQNj/d13.png,04-03-2022
294,RUS,Anti-tank Guided Missiles,9M111 Fagot,captured,https://twitter.com/UAWeapons/status/1499400684747165696/photo/4 ,04-03-2022
295,RUS,Anti-tank Guided Missiles,9M111 Fagot,captured,https://twitter.com/UAWeapons/status/1499400684747165696/photo/4 ,04-03-2022
296,RUS,Anti-tank Guided Missiles,9M111 Fagot,captured,https://i.postimg.cc/h4mwkPMy/r21.png,04-03-2022
297,RUS,Anti-tank Guided Missiles,9M111 Fagot,captured,https://i.postimg.cc/h4mwkPMy/r21.png,04-03-2022
298,RUS,Anti-tank Guided Missiles,9M113 Konkurs,captured,https://i.postimg.cc/1RfB2NxM/347.png,04-03-2022
299,RUS,Anti-tank Guided Missiles,9M113 Konkurs,captured,https://i.postimg.cc/1RfB2NxM/347.png,04-03-2022
300,RUS,Anti-tank Guided Missiles,9M113 Konkurs,captured,https://i.postimg.cc/1RfB2NxM/347.png,04-03-2022
301,RUS,Anti-tank Guided Missiles,9M113 Konkurs,captured,https://i.postimg.cc/W4N1CS83/v1.png,04-03-2022
302,RUS,Anti-tank Guided Missiles,9M113 Konkurs,captured,https://i.postimg.cc/bJrQTfV9/874.png,04-03-2022
303,RUS,Anti-tank Guided Missiles,9M113 Konkurs,captured,https://i.postimg.cc/sfc4VWKG/g54.png,04-03-2022
304,RUS,Anti-tank Guided Missiles,9M113 Konkurs,captured,https://i.postimg.cc/sfc4VWKG/g54.png,04-03-2022
305,RUS,Anti-tank Guided Missiles,9M113 Konkurs,captured,https://i.postimg.cc/sfc4VWKG/g54.png,04-03-2022
306,RUS,Anti-tank Guided Missiles,9M113M Konkurs-M,captured,https://i.postimg.cc/R0sQ7kcf/79.png,04-03-2022
307,RUS,Anti-tank Guided Missiles,9ะ131F Metis-M1,captured,https://i.postimg.cc/kMwP5WQ0/8k.png,04-03-2022
308,RUS,Anti-tank Guided Missiles,9M114 Kokon,captured,https://i.postimg.cc/Qdw6LXPV/98u.png,04-03-2022
309,RUS,Anti-tank Guided Missiles,9M114 Kokon,captured,https://i.postimg.cc/Qdw6LXPV/98u.png,04-03-2022
310,RUS,Anti-tank Guided Missiles,9M114 Kokon,captured,https://i.postimg.cc/Qdw6LXPV/98u.png,04-03-2022
311,RUS,Anti-tank Guided Missiles,9M114 Kokon,captured,https://i.postimg.cc/Qdw6LXPV/98u.png,04-03-2022
312,RUS,Anti-tank Guided Missiles,9M114 Kokon,captured,https://i.postimg.cc/Qdw6LXPV/98u.png,04-03-2022
313,RUS,Anti-tank Guided Missiles,9M114 Kokon,captured,https://i.postimg.cc/Qdw6LXPV/98u.png,04-03-2022
314,RUS,Anti-tank Guided Missiles,9M114 Kokon,captured,https://i.postimg.cc/Qdw6LXPV/98u.png,04-03-2022
315,RUS,Anti-tank Guided Missiles,9M114 Kokon,captured,https://i.postimg.cc/Qdw6LXPV/98u.png,04-03-2022
316,RUS,Anti-tank Guided Missiles,9M114 Kokon,captured,https://i.postimg.cc/Qdw6LXPV/98u.png,04-03-2022
317,RUS,Anti-tank Guided Missiles,9M114 Kokon,captured,https://i.postimg.cc/Qdw6LXPV/98u.png,04-03-2022
318,RUS,Anti-tank Guided Missiles,9M114 Kokon,captured,https://i.postimg.cc/Qdw6LXPV/98u.png,04-03-2022
319,RUS,Anti-tank Guided Missiles,9M114 Kokon,captured,https://i.postimg.cc/Qdw6LXPV/98u.png,04-03-2022
320,RUS,Engineering Vehicles,UR-77 'Meterorit',captured,https://i.postimg.cc/cCYk2x7p/3v.png,04-03-2022
321,RUS,Engineering Vehicles,UR-77 'Meterorit',captured,https://i.postimg.cc/LsvJmvb8/d23.png,04-03-2022
322,RUS,Engineering Vehicles,UR-77 'Meterorit',abandoned,https://i.postimg.cc/rppvJs6P/jj.jpg,04-03-2022
323,RUS,Engineering Vehicles,BAT-2 heavy engineering vehicle,destroyed,https://i.postimg.cc/J7Pxb0Gk/8874.jpg,04-03-2022
324,RUS,Engineering Vehicles,BREM-K armoured recovery vehicle,captured,https://i.postimg.cc/mkmwnq7g/760.png,04-03-2022
325,RUS,Engineering Vehicles,BREM-K armoured recovery vehicle,captured,https://i.postimg.cc/QCTQ7QCg/Screenshot-8472.png,04-03-2022
326,RUS,Engineering Vehicles,REM-KL armoured recovery vehicle,captured,https://i.postimg.cc/6QZqppsj/f8.png,04-03-2022
327,RUS,Engineering Vehicles,IMR-2 combat engineering vehicle,destroyed,https://i.postimg.cc/xdbysNZ7/5548.png,04-03-2022
328,RUS,Engineering Vehicles,TMM-3 bridge layer,captured,https://i.postimg.cc/FRhY7mzP/75.png,04-03-2022
329,RUS,Engineering Vehicles,TMM-3 bridge layer,captured,https://i.postimg.cc/X7wjb8tg/Screenshot-8214.png,04-03-2022
330,RUS,Engineering Vehicles,TMM-3 bridge layer,captured,https://i.postimg.cc/Y0Fpjf0M/Screenshot-8216.png,04-03-2022
331,RUS,Engineering Vehicles,TMM-3 bridge layer,captured,https://i.postimg.cc/FHN9sS4X/Screenshot-8217.png,04-03-2022
332,RUS,Engineering Vehicles,TMM-3 bridge layer,destroyed,https://i.postimg.cc/HxVW1CCJ/Screenshot-8212.png,04-03-2022
333,RUS,Engineering Vehicles,TMM-3 bridge layer,abandoned,https://i.postimg.cc/C1DyRDFk/h89.jpg,04-03-2022
334,RUS,Engineering Vehicles,TMM-3 bridge layer,damaged and abandoned,https://i.postimg.cc/85dm6pjK/44565.png,04-03-2022
335,RUS,Engineering Vehicles,PMP floating bridge,destroyed,https://i.postimg.cc/vZ108y86/j767.jpg,04-03-2022
336,RUS,Engineering Vehicles,PMP floating bridge,2 and 3 destroyed,https://i.postimg.cc/2SK7crq5/4g.png,04-03-2022
337,RUS,Engineering Vehicles,PMP floating bridge,2 and 3 destroyed,https://i.postimg.cc/2SK7crq5/4g.png,04-03-2022
338,RUS,Engineering Vehicles,PMP floating bridge,2 and 3 destroyed,https://i.postimg.cc/2SK7crq5/4g.png,04-03-2022
339,RUS,Engineering Vehicles,KamAZ-5350 with EOV-3523 excavator,captured,https://i.postimg.cc/bvhJB8xz/774.png,04-03-2022
340,RUS,Engineering Vehicles,KamAZ-5350 with EOV-3523 excavator,captured,https://i.postimg.cc/dQZQWvBp/Screenshot-8218.png,04-03-2022
341,RUS,Engineering Vehicles,KamAZ-5350 with EOV-3523 excavator,captured,https://i.postimg.cc/T30TyPdL/Screenshot-8219.png,04-03-2022
342,RUS,Engineering Vehicles,KamAZ-5350 with EOV-3523 excavator,destroyed,https://i.postimg.cc/tTr6V12R/m99.jpg,04-03-2022
343,RUS,Engineering Vehicles,KamAZ-5350 with KS-45719-7M crane,destroyed,https://i.postimg.cc/m2PYCSvv/6y.jpg,04-03-2022
344,RUS,Engineering Vehicles,KamAZ-5350 with crane,destroyed,https://i.postimg.cc/zXtR3QK8/744.png,04-03-2022
345,RUS,Engineering Vehicles,Ural-4320 Wrecker,damaged and captured,https://i.postimg.cc/SsQHDVNQ/5579.png  ,04-03-2022
346,RUS,Communications Station,MP-2IM signals vehicle,abandoned,https://i.postimg.cc/wM1CmTC8/b89.png,04-03-2022
347,RUS,Communications Station,Barnaul-T 9ะก932-1 automated system for air defence units,captured,https://i.postimg.cc/PqBBRwbf/557.png,04-03-2022
348,RUS,Communications Station,Barnaul-T 9ะก932-1 automated system for air defence units,abandoned,https://i.postimg.cc/fTrQXZpK/g2.jpg,04-03-2022
349,RUS,Communications Station,R-166-0.5 signals vehicle,destroyed,https://i.postimg.cc/65sVfNzw/57.png,04-03-2022
350,RUS,Communications Station,R-166-0.5 signals vehicle,abandoned,https://i.postimg.cc/BQ3JL2hJ/g55.png,04-03-2022
351,RUS,Communications Station,R-419L1 communications station,abandoned,https://i.postimg.cc/HWF2jVg6/5588.png,04-03-2022
352,RUS,Communications Station,Unknown communications station based on the KamAZ 6x6,damaged and captured,https://i.postimg.cc/DfxxKLnD/84.png,04-03-2022
353,RUS,Communications Station,Unknown communications station,destroyed by Bayraktar TB2,https://i.postimg.cc/43B99JVP/57.png  ,04-03-2022
354,RUS,Infantry Mobility Vehicles,GAZ Tigr-M,damaged,https://i.postimg.cc/ZKDrDbck/85.png,04-03-2022
355,RUS,Infantry Mobility Vehicles,GAZ Tigr-M,captured,https://i.postimg.cc/JzBRKYtc/5j.png,04-03-2022
356,RUS,Infantry Mobility Vehicles,GAZ Tigr-M,captured,https://i.postimg.cc/dVQxVhc7/58p.png,04-03-2022
357,RUS,Infantry Mobility Vehicles,GAZ Tigr-M,captured,https://i.postimg.cc/BbVkvq1j/450.png,04-03-2022
358,RUS,Infantry Mobility Vehicles,GAZ Tigr-M,captured,https://i.postimg.cc/TYnZsP1T/f1.png,04-03-2022
359,RUS,Infantry Mobility Vehicles,GAZ Tigr-M,captured,https://i.postimg.cc/TYnZsP1T/f1.png,04-03-2022
360,RUS,Infantry Mobility Vehicles,GAZ Tigr-M,captured,https://i.postimg.cc/X7HWmbHB/7762.png,04-03-2022
361,RUS,Infantry Mobility Vehicles,GAZ Tigr-M,captured,https://i.postimg.cc/sDRQNbwy/567.png,04-03-2022
362,RUS,Infantry Mobility Vehicles,GAZ Tigr-M,captured,https://i.postimg.cc/DZysb6p8/41.png,04-03-2022
363,RUS,Infantry Mobility Vehicles,GAZ Tigr-M,destroyed,https://i.postimg.cc/W1VpzFcv/5578.png,04-03-2022
364,RUS,Infantry Mobility Vehicles,GAZ Tigr-M,destroyed,https://postimg.cc/f3bh0QRp,04-03-2022
365,RUS,Infantry Mobility Vehicles,GAZ Tigr-M,destroyed,https://i.postimg.cc/RFjRh5VD/776d.png,04-03-2022
366,RUS,Infantry Mobility Vehicles,GAZ Tigr-M,destroyed,https://postimg.cc/jnsX0hVw,04-03-2022
367,RUS,Infantry Mobility Vehicles,GAZ Tigr-M,destroyed,https://i.postimg.cc/26Q08q6c/m9.png,04-03-2022
368,RUS,Infantry Mobility Vehicles,GAZ Tigr-M,destroyed,https://i.postimg.cc/XYsxrSnW/Screenshot-8293.png,04-03-2022
369,RUS,Infantry Mobility Vehicles,GAZ Tigr-M,destroyed,https://i.postimg.cc/pVGgCB1P/449.png,04-03-2022
370,RUS,Infantry Mobility Vehicles,GAZ Tigr-M,destroyed,https://i.postimg.cc/5trrQyZ5/435.png,04-03-2022
371,RUS,Infantry Mobility Vehicles,GAZ Tigr-M,destroyed,https://i.postimg.cc/5trrQyZ5/435.png,04-03-2022
372,RUS,Infantry Mobility Vehicles,GAZ Tigr-M,destroyed,https://i.postimg.cc/7YDqZt1H/4435.png,04-03-2022
373,RUS,Infantry Mobility Vehicles,GAZ Tigr-M,destroyed,https://i.postimg.cc/d3jBDjhh/Screenshot-8448.png,04-03-2022
374,RUS,Infantry Mobility Vehicles,GAZ Tigr-M,abandoned,https://postimg.cc/KKD3Shmf,04-03-2022
375,RUS,Infantry Mobility Vehicles,Iveco LMV 'Rys',captured,https://i.postimg.cc/C5gfTFhF/680o.png,04-03-2022
376,RUS,Infantry Mobility Vehicles,Iveco LMV 'Rys',destroyed,https://i.postimg.cc/TPmCH0KS/ff2.png,04-03-2022
377,RUS,Infantry Mobility Vehicles,Iveco LMV 'Rys',destroyed,https://i.postimg.cc/fyNCwrR4/Screenshot-8447.png,04-03-2022
378,RUS,Infantry Mobility Vehicles,Iveco LMV 'Rys',destroyed,https://i.postimg.cc/5y3npSgL/345.png,04-03-2022
379,RUS,Infantry Mobility Vehicles,Iveco LMV 'Rys',abandoned,https://i.postimg.cc/sDCqXTNg/Screenshot-8445.png,04-03-2022
380,RUS,Mine-Resistant Ambush Protected,KamAZ-63968 Typhoon,captured,https://postlmg.cc/sGfMhkCN,04-03-2022
381,RUS,Mine-Resistant Ambush Protected,KamAZ-63968 Typhoon,captured,https://i.postimg.cc/8c2xJRvB/570.png,04-03-2022
382,RUS,Mine-Resistant Ambush Protected,KamAZ-63968 Typhoon,destroyed,https://i.postimg.cc/T2Sqz4Dw/h7.png,04-03-2022
383,RUS,Mine-Resistant Ambush Protected,K-4386 Typhoon-VDV,destroyed,https://i.postimg.cc/vTpj86LK/ff4.jpg,04-03-2022
384,RUS,Armoured Personnel Carriers,BTR-80,captured,https://i.postimg.cc/cJCm25Z1/n2.png,04-03-2022
385,RUS,Armoured Personnel Carriers,BTR-80,captured,https://i.postimg.cc/858P5L8g/Screenshot-8471.png,04-03-2022
386,RUS,Armoured Personnel Carriers,BTR-80,captured,https://i.postimg.cc/qMBBzkFq/Screenshot-8469.png,04-03-2022
387,RUS,Armoured Personnel Carriers,BTR-80,captured,https://i.postimg.cc/qMBBzkFq/Screenshot-8469.png,04-03-2022
388,RUS,Armoured Personnel Carriers,BTR-80,captured,https://i.postimg.cc/8cymMnKf/4433.png,04-03-2022
389,RUS,Armoured Personnel Carriers,BTR-80,captured,https://i.postimg.cc/pXBzH5Qc/554.png,04-03-2022
390,RUS,Armoured Personnel Carriers,BTR-80,captured,https://i.postimg.cc/J7gs84ZC/456.png,04-03-2022
391,RUS,Armoured Personnel Carriers,BTR-80,captured,https://i.postimg.cc/8krZNc9h/545.png,04-03-2022
392,RUS,Armoured Personnel Carriers,BTR-80,captured,https://i.postimg.cc/pLJKZRL1/23.png,04-03-2022
393,RUS,Armoured Personnel Carriers,BTR-80,captured,https://i.postimg.cc/15nsWPhH/67.png,04-03-2022
394,RUS,Armoured Personnel Carriers,BTR-80,captured,https://i.postimg.cc/MZY8btn5/4f77.png,04-03-2022
395,RUS,Armoured Personnel Carriers,BTR-80,destroyed,https://i.postimg.cc/Dwp3QN7Q/Screenshot-8275.png,04-03-2022
396,RUS,Armoured Personnel Carriers,BTR-80,destroyed,https://i.postimg.cc/nzTPBQHM/n1.png,04-03-2022
397,RUS,Armoured Personnel Carriers,BTR-80,destroyed,https://i.postimg.cc/ZRMNRmvg/g433.jpg,04-03-2022
398,RUS,Armoured Personnel Carriers,BTR-80,destroyed,https://postimg.cc/nMd2b4qs,04-03-2022
399,RUS,Armoured Personnel Carriers,BTR-80,destroyed,https://i.postimg.cc/wj4RK6bb/235.png,04-03-2022
400,RUS,Armoured Personnel Carriers,BTR-80,abandoned,https://i.postimg.cc/gcn1yNwd/h6.png,04-03-2022
401,RUS,Armoured Personnel Carriers,BTR-80,abandoned,https://i.postimg.cc/hGQ71FqT/h7.png,04-03-2022
402,RUS,Armoured Personnel Carriers,BTR-80,damaged and captured,https://i.postimg.cc/HsQGV9qw/nm.jpg,04-03-2022
403,RUS,Armoured Personnel Carriers,BTR-D,captured,https://i.postimg.cc/bN80m24w/6688.png,04-03-2022
404,RUS,Armoured Personnel Carriers,BTR-D,destroyed,https://i.postimg.cc/J4crJP7d/46.png,04-03-2022
405,RUS,Armoured Personnel Carriers,BTR-D,destroyed,https://i.postimg.cc/T2VG5ZJL/x3.jpg,04-03-2022
406,RUS,Armoured Personnel Carriers,BTR-D,destroyed,https://i.postimg.cc/hvBB3rct/x2.jpg,04-03-2022
407,RUS,Armoured Personnel Carriers,BTR-D,destroyed,https://i.postimg.cc/kgBKhrFT/884.png,04-03-2022
408,RUS,Armoured Personnel Carriers,BTR-D,destroyed,https://i.postimg.cc/kgBKhrFT/884.png,04-03-2022
409,RUS,Armoured Personnel Carriers,BTR-D,abandoned,https://i.postimg.cc/W3rVnKRy/x1.jpg,04-03-2022
410,RUS,Armoured Personnel Carriers,BTR-D,abandoned,https://i.postimg.cc/nzH4n8F8/6659.jpg,04-03-2022
411,RUS,Armoured Personnel Carriers,BTR-D,abandoned,https://i.postimg.cc/cHHvDd1J/g7.jpg,04-03-2022
412,RUS,Armoured Personnel Carriers,BTR-D,abandoned,https://i.postimg.cc/Y9V7fHyY/j1.jpg,04-03-2022
413,RUS,Armoured Personnel Carriers,BTR-D,abandoned,https://i.postimg.cc/Vk3585Qr/547.png,04-03-2022
414,RUS,Armoured Personnel Carriers,BTR-D,abandoned,https://i.postimg.cc/Dy5GN1B5/jj8.jpg,04-03-2022
415,RUS,Armoured Personnel Carriers,BTR-D,abandoned,https://i.postimg.cc/cH7kMRrS/h76.png,04-03-2022
416,RUS,Armoured Personnel Carriers,BTR-MDM ,captured,https://i.postimg.cc/fbrPchDx/bb78.png,04-03-2022
417,RUS,Infantry Fighting Vehicles,BMP-1(P),captured,https://i.postimg.cc/02K6dR7P/ff4k.png ,04-03-2022
418,RUS,Infantry Fighting Vehicles,BMP-1(P),captured,https://i.postimg.cc/sxG1jW4t/445.png,04-03-2022
419,RUS,Infantry Fighting Vehicles,BMP-2,captured,https://i.postimg.cc/T1HJcX0f/776.png,04-03-2022
420,RUS,Infantry Fighting Vehicles,BMP-2,captured,https://i.postimg.cc/QtN7DcKC/559.png,04-03-2022
421,RUS,Infantry Fighting Vehicles,BMP-2,captured,https://i.postimg.cc/Zn38wp9q/680.png,04-03-2022
422,RUS,Infantry Fighting Vehicles,BMP-2,captured,https://i.postimg.cc/Gpj4tR0j/g45.png,04-03-2022
423,RUS,Infantry Fighting Vehicles,BMP-2,captured,https://i.postimg.cc/Kjw7JqNY/4fh.png,04-03-2022
424,RUS,Infantry Fighting Vehicles,BMP-2,captured,https://i.postimg.cc/YqnQ7fv3/324.png,04-03-2022
425,RUS,Infantry Fighting Vehicles,BMP-2,captured,https://i.postimg.cc/0jqDtvcH/y6.png,04-03-2022
426,RUS,Infantry Fighting Vehicles,BMP-2,destroyed,https://i.postimg.cc/RCtc2sB0/554.png,04-03-2022
427,RUS,Infantry Fighting Vehicles,BMP-2,destroyed,https://i.postimg.cc/26qYmmgL/668.png,04-03-2022
428,RUS,Infantry Fighting Vehicles,BMP-2,destroyed,https://i.postimg.cc/43mvcd15/b1.png,04-03-2022
429,RUS,Infantry Fighting Vehicles,BMP-2,destroyed,https://i.postimg.cc/NMX1NzS2/b2.png,04-03-2022
430,RUS,Infantry Fighting Vehicles,BMP-2,destroyed,https://i.postimg.cc/7Z1483JC/4433.png,04-03-2022
431,RUS,Infantry Fighting Vehicles,BMP-2,destroyed,https://i.postimg.cc/7Z1483JC/4433.png,04-03-2022
432,RUS,Infantry Fighting Vehicles,BMP-2,destroyed,https://i.postimg.cc/vHXP8qy9/65.png,04-03-2022
433,RUS,Infantry Fighting Vehicles,BMP-2,destroyed,https://i.postimg.cc/Xvkd415C/gg6.jpg,04-03-2022
434,RUS,Infantry Fighting Vehicles,BMP-2,destroyed,https://i.postimg.cc/0jNHTShm/542.png,04-03-2022
435,RUS,Infantry Fighting Vehicles,BMP-2,destroyed,https://i.postimg.cc/FRqXfttT/436.png,04-03-2022
436,RUS,Infantry Fighting Vehicles,BMP-2,destroyed,https://i.postimg.cc/TPW4vs1n/212.png,04-03-2022
437,RUS,Infantry Fighting Vehicles,BMP-2,destroyed,https://i.postimg.cc/bN5N8gjq/14.png,04-03-2022
438,RUS,Infantry Fighting Vehicles,BMP-2,destroyed,https://i.postimg.cc/gkTGLLWz/985.png,04-03-2022
439,RUS,Infantry Fighting Vehicles,BMP-2,abandoned,https://i.postimg.cc/5NY2mGtq/u2.jpg,04-03-2022
440,RUS,Infantry Fighting Vehicles,BMP-2,abandoned,https://i.postimg.cc/BQzv1YB0/Screenshot-8238.png,04-03-2022
441,RUS,Infantry Fighting Vehicles,BMP-2,abandoned,https://i.postimg.cc/tJM8dQNL/h77.png,04-03-2022
442,RUS,Infantry Fighting Vehicles,BMP-2,abandoned,https://i.postimg.cc/zBg2tRx0/436.png,04-03-2022
443,RUS,Infantry Fighting Vehicles,BMP-2,abandoned,https://i.postimg.cc/MGgQyPNn/ff22.png,04-03-2022
444,RUS,Infantry Fighting Vehicles,BMP-2,abandoned,https://i.postimg.cc/DwqTZzsJ/aa5.jpg,04-03-2022
445,RUS,Infantry Fighting Vehicles,BMP-2,abandoned,https://i.postimg.cc/15MCpgJd/3r5.png,04-03-2022
446,RUS,Infantry Fighting Vehicles,BMP-2,abandoned,https://i.postimg.cc/15MCpgJd/3r5.png,04-03-2022
447,RUS,Infantry Fighting Vehicles,BMP-2,damaged and abandoned,https://i.postimg.cc/vBy9TRg0/77699.png,04-03-2022
448,RUS,Infantry Fighting Vehicles,BMP-2,damaged and abandoned,https://i.postimg.cc/XYyYKfsy/Screenshot-8236.png,04-03-2022
449,RUS,Infantry Fighting Vehicles,BMP-2,damaged and abandoned,https://i.postimg.cc/XYyYKfsy/Screenshot-8236.png,04-03-2022
450,RUS,Infantry Fighting Vehicles,BMP-2,damaged and abandoned,https://i.postimg.cc/2jX5hmCS/u1.jpg,04-03-2022
451,RUS,Infantry Fighting Vehicles,BMP-2,damaged and abandoned,https://i.postimg.cc/rF84w7J1/fsl.png,04-03-2022
452,RUS,Infantry Fighting Vehicles,BMP-2,damaged and captured,https://i.postimg.cc/RhxT6Pz9/663.png,04-03-2022
453,RUS,Infantry Fighting Vehicles,BMP-2K,abandoned,https://i.postimg.cc/jSVTtfWY/aa4.jpg,04-03-2022
454,RUS,Infantry Fighting Vehicles,BMP-3,captured,https://i.postimg.cc/gc3DsCqV/Screenshot-8343.png,04-03-2022
455,RUS,Infantry Fighting Vehicles,BMP-3,captured,https://i.postimg.cc/yYBTbLvw/Screenshot-8345.png,04-03-2022
456,RUS,Infantry Fighting Vehicles,BMP-3,captured,https://i.postimg.cc/hvXc8qJx/653.png,04-03-2022
457,RUS,Infantry Fighting Vehicles,BMP-3,captured,https://i.postimg.cc/qqbQM0mt/568.png,04-03-2022
458,RUS,Infantry Fighting Vehicles,BMP-3,captured,https://i.postimg.cc/mgmbBB5G/547.png,04-03-2022
459,RUS,Infantry Fighting Vehicles,BMP-3,captured,https://i.postimg.cc/fLjQcz3R/51.jpg,04-03-2022
460,RUS,Infantry Fighting Vehicles,BMP-3,destroyed,https://i.postimg.cc/ZRpWnkwZ/n89.png,04-03-2022
461,RUS,Infantry Fighting Vehicles,BMP-3,destroyed,https://i.postimg.cc/yxCSy6Dk/f6.png,04-03-2022
462,RUS,Infantry Fighting Vehicles,BMP-3,abandoned,https://i.postimg.cc/RCbVXLw4/3344.png,04-03-2022
463,RUS,Infantry Fighting Vehicles,BMP-3,abandoned,https://i.postimg.cc/C1xS4R1R/332222.png,04-03-2022
464,RUS,Infantry Fighting Vehicles,BMD-2,captured,https://i.postimg.cc/rssnsRcT/5799.png,04-03-2022
465,RUS,Infantry Fighting Vehicles,BMD-2,captured,https://i.postimg.cc/bJrQTfV9/874.png,04-03-2022
466,RUS,Infantry Fighting Vehicles,BMD-2,captured,https://i.postimg.cc/85LwdnhZ/4566.png,04-03-2022
467,RUS,Infantry Fighting Vehicles,BMD-2,destroyed,https://i.postimg.cc/QtD182qg/tt6.jpg,04-03-2022
468,RUS,Infantry Fighting Vehicles,BMD-2,destroyed,https://i.postimg.cc/pTY5BZzR/b7.png,04-03-2022
469,RUS,Infantry Fighting Vehicles,BMD-2,destroyed,https://i.postimg.cc/qqxLSbMj/f56.png,04-03-2022
470,RUS,Infantry Fighting Vehicles,BMD-2,abandoned,https://i.postimg.cc/xjLsrGfV/79.png,04-03-2022
471,RUS,Infantry Fighting Vehicles,BMD-2,abandoned,https://i.postimg.cc/W4N1CS83/v1.png,04-03-2022
472,RUS,Infantry Fighting Vehicles,BMD-2,abandoned,https://i.postimg.cc/R0G3QWB8/g6.jpg,04-03-2022
473,RUS,Infantry Fighting Vehicles,BMD-2,abandoned,https://i.postimg.cc/yxkdsj2X/8879.jpg,04-03-2022
474,RUS,Infantry Fighting Vehicles,BMD-2,damaged and abandoned,https://i.postimg.cc/hvdB25Hw/j2.jpg,04-03-2022
475,RUS,Infantry Fighting Vehicles,BMD-2,damaged and captured,https://i.postimg.cc/MTmVp6Hz/c5.png,04-03-2022
476,RUS,Infantry Fighting Vehicles,BMD-4M,captured,https://i.postimg.cc/yxpPqbzX/f44.png,04-03-2022
477,RUS,Infantry Fighting Vehicles,BMD-4M,destroyed,https://i.postimg.cc/gjmtWttx/548.png,04-03-2022
478,RUS,Infantry Fighting Vehicles,BMD-4M,abandoned,https://i.postimg.cc/MZy05BrN/674.png,04-03-2022
479,RUS,Infantry Fighting Vehicles,BTR-82A,captured,https://i.postimg.cc/vmkFs4Bx/4437.png,04-03-2022
480,RUS,Infantry Fighting Vehicles,BTR-82A,captured,https://i.postimg.cc/jdHxdgRs/44f.png,04-03-2022
481,RUS,Infantry Fighting Vehicles,BTR-82A,captured,https://i.postimg.cc/Y994gyQF/431.png,04-03-2022
482,RUS,Infantry Fighting Vehicles,BTR-82A,captured,https://i.postimg.cc/Y994gyQF/431.png,04-03-2022
483,RUS,Infantry Fighting Vehicles,BTR-82A,captured,https://i.postimg.cc/TY2FGgMp/gg5.png,04-03-2022
484,RUS,Infantry Fighting Vehicles,BTR-82A,captured,https://i.postimg.cc/GpPxHgvr/65h.png,04-03-2022
485,RUS,Infantry Fighting Vehicles,BTR-82A,destroyed,https://i.postimg.cc/85gFCPXs/bb1.png,04-03-2022
486,RUS,Infantry Fighting Vehicles,BTR-82A,destroyed,https://i.postimg.cc/kXQV46L8/gg5.jpg,04-03-2022
487,RUS,Infantry Fighting Vehicles,BTR-82A,destroyed,https://i.postimg.cc/fLfVC59M/o9.png,04-03-2022
488,RUS,Infantry Fighting Vehicles,BTR-82A,destroyed,https://i.postimg.cc/T2mBfj1J/3rr.png,04-03-2022
489,RUS,Infantry Fighting Vehicles,BTR-82A,destroyed,https://i.postimg.cc/rwBjMGCL/f45.png,04-03-2022
490,RUS,Infantry Fighting Vehicles,BTR-82A,abandoned,https://i.postimg.cc/J01GbYLL/bb2.png,04-03-2022
491,RUS,Infantry Fighting Vehicles,BTR-82A,abandoned,https://i.postimg.cc/bJDw1Gdq/46.png,04-03-2022
492,RUS,Infantry Fighting Vehicles,BTR-82A,abandoned,https://i.postimg.cc/Kc32fSfv/6658.png,04-03-2022
493,RUS,Infantry Fighting Vehicles,BTR-82A,abandoned,https://i.postimg.cc/25DqyNfS/55448.png,04-03-2022
494,RUS,Infantry Fighting Vehicles,BTR-82A,damaged and abandoned,https://i.postimg.cc/j5kxgNCW/g66.jpg,04-03-2022
495,RUS,Infantry Fighting Vehicles,BTR-82A,damaged and captured,https://i.postimg.cc/BbS69p4N/66588.png,04-03-2022
496,RUS,Armoured Fighting Vehicles,BRM-1K,destroyed,https://postimg.cc/bGSbfRQm,04-03-2022
497,RUS,Armoured Fighting Vehicles,BRM-1K,destroyed,https://i.postimg.cc/gj3KbRGG/fsl.png,04-03-2022
498,RUS,Armoured Fighting Vehicles,BRM-1K,destroyed,https://i.postimg.cc/BnvpzjP1/s21.png,04-03-2022
499,RUS,Armoured Fighting Vehicles,BMP-1Khs,abandoned,https://i.postimg.cc/6qdwks4D/n7.jpg,04-03-2022
500,RUS,Armoured Fighting Vehicles,MT-LB,captured,https://i.postimg.cc/P5M1XV5z/58.png,04-03-2022
501,RUS,Armoured Fighting Vehicles,MT-LB,captured,https://i.postimg.cc/hjqg1p15/680.png,04-03-2022
502,RUS,Armoured Fighting Vehicles,MT-LB,captured,https://i.postimg.cc/R0zbsmLL/6659.png,04-03-2022
503,RUS,Armoured Fighting Vehicles,MT-LB,captured,https://i.postimg.cc/MGBV9R2s/4fs.png,04-03-2022
504,RUS,Armoured Fighting Vehicles,MT-LB,captured,https://i.postimg.cc/1tVLvyy0/764.png,04-03-2022
505,RUS,Armoured Fighting Vehicles,MT-LB,captured,https://i.postimg.cc/zBSQCqs2/b5.png,04-03-2022
506,RUS,Armoured Fighting Vehicles,MT-LB,captured,https://i.postimg.cc/BbNYQPQc/hh6.png,04-03-2022
507,RUS,Armoured Fighting Vehicles,MT-LB,captured,https://i.postimg.cc/sx950sSB/Screenshot-8457.png,04-03-2022
508,RUS,Armoured Fighting Vehicles,MT-LB,captured,https://i.postimg.cc/wTYJPs3P/Screenshot-8472.png,04-03-2022
509,RUS,Armoured Fighting Vehicles,MT-LB,captured,https://i.postimg.cc/ryRsk4jq/m1.png,04-03-2022
510,RUS,Armoured Fighting Vehicles,MT-LB,captured,https://i.postimg.cc/RVc03z28/m2.png,04-03-2022
511,RUS,Armoured Fighting Vehicles,MT-LB,captured,https://i.postimg.cc/Px6nHx7G/g33.jpg,04-03-2022
512,RUS,Armoured Fighting Vehicles,MT-LB,captured,https://i.postimg.cc/VLGGrwbj/h652.png,04-03-2022
513,RUS,Armoured Fighting Vehicles,MT-LB,captured,https://i.postimg.cc/6qszKVTq/m11.png,04-03-2022
514,RUS,Armoured Fighting Vehicles,MT-LB,captured,https://i.postimg.cc/nhV2nhV4/m12.png,04-03-2022
515,RUS,Armoured Fighting Vehicles,MT-LB,captured,https://i.postimg.cc/xTgHsLrK/13.png,04-03-2022
516,RUS,Armoured Fighting Vehicles,MT-LB,captured,https://i.postimg.cc/R0tWzHYp/5546.jpg,04-03-2022
517,RUS,Armoured Fighting Vehicles,MT-LB,captured,https://i.postimg.cc/yYjcTw9v/76.png,04-03-2022
518,RUS,Armoured Fighting Vehicles,MT-LB,captured,https://i.postimg.cc/QdBCWPqB/d19.png,04-03-2022
519,RUS,Armoured Fighting Vehicles,MT-LB,destroyed,https://i.postimg.cc/2SJG2hyJ/9po.png,04-03-2022
520,RUS,Armoured Fighting Vehicles,MT-LB,destroyed,https://i.postimg.cc/0QPGdgX4/6658.png,04-03-2022
521,RUS,Armoured Fighting Vehicles,MT-LB,destroyed,https://i.postimg.cc/XvpJbF2W/k9.png,04-03-2022
522,RUS,Armoured Fighting Vehicles,MT-LB,destroyed,https://i.postimg.cc/52P7zGLB/654.png,04-03-2022
523,RUS,Armoured Fighting Vehicles,MT-LB,destroyed,https://i.postimg.cc/D0fPPSmY/658.png,04-03-2022
524,RUS,Armoured Fighting Vehicles,MT-LB,destroyed,https://twitter.com/UAWeapons/status/1498757622211784707,04-03-2022
525,RUS,Armoured Fighting Vehicles,MT-LB,abandoned,https://i.postimg.cc/GpG26n3R/446.png,04-03-2022
526,RUS,Armoured Fighting Vehicles,MT-LB,abandoned,https://i.postimg.cc/Y21qgqY7/7766.jpg,04-03-2022
527,RUS,Armoured Fighting Vehicles,MT-LB,abandoned,https://i.postimg.cc/mkwsnkyF/433.png,04-03-2022
528,RUS,Armoured Fighting Vehicles,MT-LB,abandoned,https://i.postimg.cc/1z6127Wh/h54.png,04-03-2022
529,RUS,Armoured Fighting Vehicles,MT-LB,abandoned,https://i.postimg.cc/vHYqqTjM/544.png,04-03-2022
530,RUS,Armoured Fighting Vehicles,MT-LB,abandoned,https://i.postimg.cc/yNdpdVtm/d1.png,04-03-2022
531,RUS,Armoured Fighting Vehicles,MT-LB,abandoned,https://i.postimg.cc/dV6Sf0SG/6hf.png,04-03-2022
532,RUS,Armoured Fighting Vehicles,MT-LB with ZU-23 AA gun,destroyed,https://postimg.cc/kVDPCNz0,04-03-2022
533,RUS,Armoured Fighting Vehicles,MT-LBu,captured,https://i.postimg.cc/pV5ZRVDR/5548.png  ,04-03-2022
534,RUS,Armoured Fighting Vehicles,MT-LBu,captured,https://i.postimg.cc/bvVkFC2H/Screenshot-8472.png,04-03-2022
535,RUS,Armoured Fighting Vehicles,MT-LBu,destroyed,https://i.postimg.cc/NfqgFR94/h65.png,04-03-2022
536,RUS,Armoured Fighting Vehicles,MT-LBu,destroyed,https://i.postimg.cc/CxhxWtzf/f7.png,04-03-2022
537,RUS,Armoured Fighting Vehicles,MT-LBu,destroyed,https://i.postimg.cc/Kjk98fz7/6533.png,04-03-2022
538,RUS,Armoured Fighting Vehicles,MT-LBu,abandoned,https://i.postimg.cc/gc14s4Fb/a2.png,04-03-2022
539,RUS,Armoured Fighting Vehicles,MT-LBu,abandoned,https://i.postimg.cc/sgntV80G/44fss.png,04-03-2022
540,RUS,Armoured Fighting Vehicles,MT-LBu,abandoned,https://i.postimg.cc/63JZBWDQ/b76.png,04-03-2022
541,RUS,Armoured Fighting Vehicles,1V13 battery fire control center,abandoned,https://i.postimg.cc/CxMBs7WF/436.png,04-03-2022
542,RUS,Armoured Fighting Vehicles,2S1 with ZU-23 AA gun,captured,https://i.postimg.cc/Yq5q4HcW/88kj.png ,04-03-2022
543,RUS,Armoured Fighting Vehicles,9P149 Shturm-S ATGM carrier,destroyed,https://i.postimg.cc/FKPZs7Ws/874.png,04-03-2022
544,RUS,Armoured Fighting Vehicles,9P149 Shturm-S ATGM carrier,abandoned,https://i.postimg.cc/Qdw6LXPV/98u.png,04-03-2022
545,RUS,Armoured Fighting Vehicles,R-149MA1 unified command and staff vehicle,captured,https://i.postimg.cc/hG5hhQJp/59.png,04-03-2022
546,RUS,Armoured Fighting Vehicles,R-149MA1 unified command and staff vehicle,captured,https://i.postimg.cc/kgBKhrFT/884.png,04-03-2022
547,RUS,Armoured Fighting Vehicles,R-149MA1 unified command and staff vehicle,captured,https://i.postimg.cc/ZR6HVWYN/h90.jpg,04-03-2022
548,RUS,Armoured Fighting Vehicles,R-149MA1 unified command and staff vehicle,destroyed,https://i.postimg.cc/gjrp8521/553.jpg,04-03-2022
549,RUS,Armoured Fighting Vehicles,R-149MA1 unified command and staff vehicle,abandoned,https://i.postimg.cc/TY9CCkH1/h6n.jpg,04-03-2022
550,RUS,Armoured Fighting Vehicles,R-149MA1 unified command and staff vehicle,damaged and abandoned,https://i.postimg.cc/jSgsKMn3/g553.jpg,04-03-2022
551,RUS,Armoured Fighting Vehicles,1V119 artillery battalion fire direction vehicle,captured,https://i.postimg.cc/tgYSCmW7/g76.png,04-03-2022
552,RUS,Armoured Fighting Vehicles,TZM-T reloader vehicle (for TOS-1A),captured,https://i.postimg.cc/7hbYn7qH/124.png,04-03-2022
553,RUS,Armoured Fighting Vehicles,Unknown BTR-D/BMD-2,destroyed,https://i.postimg.cc/FzfBpQX5/br1.jpg,04-03-2022
554,RUS,Armoured Fighting Vehicles,Unknown BTR-D/BMD-2,destroyed,https://i.postimg.cc/kM6Cw0cg/br2.jpg,04-03-2022
555,RUS,Armoured Fighting Vehicles,Unknown BTR-D/BMD-2,destroyed,https://i.postimg.cc/d31jmRdh/77690.jpg,04-03-2022
556,RUS,Armoured Fighting Vehicles,Unknown BTR-D/BMD-2,destroyed,https://i.postimg.cc/KvqgC9sz/o9.png,04-03-2022
557,RUS,Armoured Fighting Vehicles,Unknown BTR-D/BMD-2,destroyed,https://i.postimg.cc/9FMZcjhj/c7.png,04-03-2022
558,RUS,Armoured Fighting Vehicles,Unknown BTR-D/BMD-2,destroyed,https://i.postimg.cc/QdK7WkC4/c6.png,04-03-2022
559,RUS,Armoured Fighting Vehicles,Unknown BTR-D/BMD-2,destroyed,https://i.postimg.cc/bvF6gtDB/63.jpg,04-03-2022
560,RUS,Armoured Fighting Vehicles,Unknown BTR-D/BMD-2,destroyed,https://i.postimg.cc/7hrBH0XB/dg.png,04-03-2022
561,RUS,Armoured Fighting Vehicles,Unknown AFV,destroyed by Bayraktar TB2,https://i.postimg.cc/Fs4CpZw6/665h.png,04-03-2022
562,RUS,Tanks,T-64BV,damaged,https://i.postimg.cc/DfYzLMQ3/v60.png,04-03-2022
563,RUS,Tanks,T-72A,captured,https://i.postimg.cc/JhJ6G2t4/5422.png ,04-03-2022
564,RUS,Tanks,T-72AV,captured,https://i.postimg.cc/RVcS60gy/gd3.png ,04-03-2022
565,RUS,Tanks,T-72B,captured,https://i.postimg.cc/26mGDmRD/m4.png,04-03-2022
566,RUS,Tanks,T-72B,captured,https://i.postimg.cc/7ZrSybRL/d29.png,04-03-2022
567,RUS,Tanks,T-72B,captured,https://i.postimg.cc/PJknPwNV/1245.png,04-03-2022
568,RUS,Tanks,T-72B,destroyed,https://i.postimg.cc/PqJmywns/890.png,04-03-2022
569,RUS,Tanks,T-72B,destroyed,https://i.postimg.cc/PJyDTMvz/3f.png,04-03-2022
570,RUS,Tanks,T-72B,destroyed,https://i.postimg.cc/nVC3Hb5N/v90.png,04-03-2022
571,RUS,Tanks,T-72B,captured and later destroyed,https://i.postimg.cc/q78RX85k/v43.png,04-03-2022
572,RUS,Tanks,T-72B,abandoned,https://i.postimg.cc/1tvs3GFY/470.png,04-03-2022
573,RUS,Tanks,T-72B,abandoned,https://i.postimg.cc/sfLpFS54/4566.png,04-03-2022
574,RUS,Tanks,T-72B,damaged and abandoned,https://i.postimg.cc/8zz8WcH7/763.png,04-03-2022
575,RUS,Tanks,T-72B Obr. 1989,captured,https://i.postimg.cc/NM8vPWBX/669.png,04-03-2022
576,RUS,Tanks,T-72B Obr. 1989,abandoned,https://i.postimg.cc/rsFyfrR7/h8.png,04-03-2022
577,RUS,Tanks,T-72B3,damaged,https://i.postimg.cc/zfTsVnsF/579.png ,04-03-2022
578,RUS,Tanks,T-72B3,captured,https://i.postimg.cc/FzSnwdhF/j77.png,04-03-2022
579,RUS,Tanks,T-72B3,captured,https://i.postimg.cc/hPHLMRrc/65h.png,04-03-2022
580,RUS,Tanks,T-72B3,captured,https://i.postimg.cc/hPHLMRrc/65h.png,04-03-2022
581,RUS,Tanks,T-72B3,captured,https://postimg.cc/BthpbCF0,04-03-2022
582,RUS,Tanks,T-72B3,destroyed,https://i.postimg.cc/Xqy5KYn3/55u.png,04-03-2022
583,RUS,Tanks,T-72B3,destroyed,https://i.postimg.cc/9MgnjkFX/6hh.png,04-03-2022
584,RUS,Tanks,T-72B3,destroyed,https://i.postimg.cc/y6wWVgL9/4432.png,04-03-2022
585,RUS,Tanks,T-72B3,abandoned,https://i.postimg.cc/fLmkGMYm/5g6.png,04-03-2022
586,RUS,Tanks,T-72B3,abandoned,https://i.postimg.cc/QdqN23SW/48.png,04-03-2022
587,RUS,Tanks,T-72B3 Obr. 2016,captured,https://i.postimg.cc/SRcKhb6c/cc6.png,04-03-2022
588,RUS,Tanks,T-72B3 Obr. 2016,captured,https://i.postimg.cc/Rhx51CZ2/7799.png ,04-03-2022
589,RUS,Tanks,T-72B3 Obr. 2016,captured,https://i.postimg.cc/P5zVKDLk/579.png,04-03-2022
590,RUS,Tanks,T-72B3 Obr. 2016,captured,https://i.postimg.cc/SR1fCMXS/m3.png,04-03-2022
591,RUS,Tanks,T-72B3 Obr. 2016,captured,https://i.postimg.cc/xT11NQbP/f686.png,04-03-2022
592,RUS,Tanks,T-72B3 Obr. 2016,captured,https://postimg.cc/nM5FPWSC,04-03-2022
593,RUS,Tanks,T-72B3 Obr. 2016,captured,https://i.postimg.cc/85dw1Jvb/n9.png,04-03-2022
594,RUS,Tanks,T-72B3 Obr. 2016,captured,https://i.postimg.cc/NFgDLs7v/1d3.png,04-03-2022
595,RUS,Tanks,T-72B3 Obr. 2016,destroyed,https://i.postimg.cc/hGdX1BWT/346.png,04-03-2022
596,RUS,Tanks,T-72B3 Obr. 2016,destroyed,https://i.postimg.cc/ZnNgPmr9/3322.png,04-03-2022
597,RUS,Tanks,T-72B3 Obr. 2016,destroyed,https://i.postimg.cc/xCm0kLJ2/3325.png,04-03-2022
598,RUS,Tanks,T-72B3 Obr. 2016,destroyed,https://i.postimg.cc/L6tGr73p/bb665.png,04-03-2022
599,RUS,Tanks,T-72B3 Obr. 2016,destroyed,https://i.postimg.cc/brSLcD3L/h65.png,04-03-2022
600,RUS,Tanks,T-72B3 Obr. 2016,destroyed,https://i.postimg.cc/W1gVNw2Z/463.png,04-03-2022
601,RUS,Tanks,T-72B3 Obr. 2016,abandoned,https://i.postimg.cc/c6ysfCQt/c9.png,04-03-2022
602,RUS,Tanks,T-72B3 Obr. 2016,abandoned,https://i.postimg.cc/prkfqWMs/b4.jpg,04-03-2022
603,RUS,Tanks,T-72B3 Obr. 2016,abandoned,https://i.postimg.cc/G3jxcQTv/b55.jpg,04-03-2022
604,RUS,Tanks,T-72B3 Obr. 2016,abandoned,https://i.postimg.cc/dDMfD2xh/d27.png,04-03-2022
605,RUS,Tanks,T-72B3 Obr. 2016,abandoned,https://i.postimg.cc/d1fyB4xk/bb87.png,04-03-2022
606,RUS,Tanks,T-72B3 Obr. 2016,abandoned and later destroyed,https://i.postimg.cc/44PbCC3z/v44.png,04-03-2022
607,RUS,Tanks,T-80BV,captured,https://i.postimg.cc/63bVWQwX/470.png,04-03-2022
608,RUS,Tanks,T-80BV,captured,https://i.postimg.cc/1zNj1Pjv/44355.png,04-03-2022
609,RUS,Tanks,T-80BV,captured,https://i.postimg.cc/4yWGbC6D/578.png,04-03-2022
610,RUS,Tanks,T-80BV,destroyed,https://i.postimg.cc/fRTVS0Tt/7u5.png,04-03-2022
611,RUS,Tanks,T-80BV,abandoned,https://i.postimg.cc/fbx3fPBg/665f.jpg,04-03-2022
612,RUS,Tanks,T-80BV,abandoned,https://i.postimg.cc/X7GD7K2Y/h66.jpg,04-03-2022
613,RUS,Tanks,T-80U,captured,https://i.postimg.cc/7LFzTNhH/5466.png,04-03-2022
614,RUS,Tanks,T-80U,captured,https://i.postimg.cc/cJVPv63q/4432.png,04-03-2022
615,RUS,Tanks,T-80U,captured,https://i.postimg.cc/XY9XK8Qj/f25.png,04-03-2022
616,RUS,Tanks,T-80U,captured,https://i.postimg.cc/GtdbBMjV/4f7.png,04-03-2022
617,RUS,Tanks,T-80U,captured,https://i.postimg.cc/GmVvVvpf/8k.png,04-03-2022
618,RUS,Tanks,T-80U,captured,https://i.postimg.cc/7PWhmmcg/u8.jpg,04-03-2022
619,RUS,Tanks,T-80U,captured,https://i.postimg.cc/7PgrKTDY/s1.jpg,04-03-2022
620,RUS,Tanks,T-80U,captured,https://i.postimg.cc/Ls88PXB9/74.png,04-03-2022
621,RUS,Tanks,T-80U,destroyed,https://i.postimg.cc/NM9ys7Kt/c8.png,04-03-2022
622,RUS,Tanks,T-80U,destroyed,https://i.postimg.cc/tJP6fPZC/n77.png,04-03-2022
623,RUS,Tanks,T-80U,destroyed,https://i.postimg.cc/F1tnjNHH/f431.png,04-03-2022
624,RUS,Tanks,T-80U,destroyed,https://i.postimg.cc/tRFL7Tj8/h7.jpg,04-03-2022
625,RUS,Tanks,T-80U,abandoned,https://i.postimg.cc/Bb1f2rCj/b8.jpg,04-03-2022
626,RUS,Tanks,T-80U,abandoned,https://i.postimg.cc/8Ck7L8Zk/m88.png,04-03-2022
627,RUS,Tanks,T-80U,abandoned,https://i.postimg.cc/L6bcSj1H/77633.png,04-03-2022
628,RUS,Tanks,T-80U,abandoned,https://i.postimg.cc/Y0bvnMbC/l8.png,04-03-2022
629,RUS,Tanks,T-80U,abandoned,https://i.postimg.cc/6pZrMGJj/5554.png,04-03-2022
630,RUS,Tanks,T-80U,abandoned,https://i.postimg.cc/fT1zwVth/l2.png,04-03-2022
631,RUS,Tanks,T-80U,abandoned,https://i.postimg.cc/Kjw2vWY5/l3.png,04-03-2022
632,RUS,Tanks,T-80U,abandoned,https://i.postimg.cc/prNhDTGN/n77.png ,04-03-2022
633,RUS,Tanks,T-80U,abandoned and later destroyed,https://i.postimg.cc/zBWcnK9S/n546.png,04-03-2022
634,RUS,Tanks,T-80U,damaged and captured,https://i.postimg.cc/Pf2gzrfP/f5.png,04-03-2022
635,RUS,Tanks,T-80UD,captured,https://i.postimg.cc/JnK0gXrB/763.png,04-03-2022
636,RUS,Tanks,T-80UD,abandoned and later destroyed,https://i.postimg.cc/2Src3YPH/b67.png,04-03-2022
637,RUS,Tanks,T-80BVM,captured,https://i.postimg.cc/pT8gPXns/g78.png,04-03-2022
638,RUS,Tanks,T-80BVM,captured,https://i.postimg.cc/P5TGrLGL/6653.png,04-03-2022
639,RUS,Tanks,T-80BVM,captured,https://i.postimg.cc/fLpZW20x/d35.png,04-03-2022
640,RUS,Tanks,T-80BVM,captured,https://i.postimg.cc/jdKNRZQV/v6.jpg,04-03-2022
641,RUS,Tanks,T-80BVM,captured,https://i.postimg.cc/BQnQ8tqm/5799.png,04-03-2022
642,RUS,Tanks,T-80BVM,destroyed,https://i.postimg.cc/2y474krg/336.png,04-03-2022
643,RUS,Tanks,T-80BVM,abandoned,https://i.postimg.cc/ZnF3nGrh/7uu.jpg,04-03-2022
644,RUS,Tanks,T-90A,captured,https://i.postimg.cc/hv56LFZ3/t5.png,04-03-2022
645,RUS,Tanks,T-90A,destroyed,https://i.postimg.cc/4dtYkZVp/43.png,04-03-2022
646,RUS,Tanks,T-90A,destroyed,https://i.postimg.cc/nM8jX4k8/5422.png,04-03-2022
647,RUS,Tanks,T-90A,destroyed,https://i.postimg.cc/VsC0bQZ3/541.png,04-03-2022
648,RUS,Tanks,T-90A,abandoned,https://i.postimg.cc/1tGwpGCk/d233.png,04-03-2022
649,RUS,Tanks,T-90A,abandoned and later destroyed,https://i.postimg.cc/90XRZvq9/4432.png,04-03-2022
650,RUS,Tanks,T-90A,abandoned and later destroyed,https://i.postimg.cc/PJxLN77q/3h.png,04-03-2022
651,RUS,Tanks,Unknown tank,abandoned,https://i.postimg.cc/vHYqqTjM/544.png,04-03-2022
652,UKR,Tanks,T-64BV,captured,https://i.postimg.cc/9fjZRhmN/t2.png,04-03-2022
653,UKR,Tanks,T-64BV,captured,https://i.postimg.cc/6pZCp3Xv/t1.png,04-03-2022
654,UKR,Tanks,T-64BV,captured,https://i.postimg.cc/280btFGT/d3.png,04-03-2022
655,UKR,Tanks,T-64BV,captured,https://i.postimg.cc/VLvLJy9B/f33.png,04-03-2022
656,UKR,Tanks,T-64BV,captured,https://i.postimg.cc/nhxjsB2y/f565.png,04-03-2022
657,UKR,Tanks,T-64BV,captured,https://i.postimg.cc/nhxjsB2y/f565.png,04-03-2022
658,UKR,Tanks,T-64BV,captured,https://i.postimg.cc/nhxjsB2y/f565.png,04-03-2022
659,UKR,Tanks,T-64BV,captured,https://i.postimg.cc/nhxjsB2y/f565.png,04-03-2022
660,UKR,Tanks,T-64BV,captured,https://i.postimg.cc/nhxjsB2y/f565.png,04-03-2022
661,UKR,Tanks,T-64BV,captured,https://i.postimg.cc/3Jr2p426/g5.png,04-03-2022
662,UKR,Tanks,T-64BV,captured,https://i.postimg.cc/L88FZp4R/d135.png,04-03-2022
663,UKR,Tanks,T-64BV,captured,https://i.postimg.cc/L88FZp4R/d135.png,04-03-2022
664,UKR,Tanks,T-64BV,captured,https://i.postimg.cc/L88FZp4R/d135.png,04-03-2022
665,UKR,Tanks,T-64BV,captured,https://i.postimg.cc/L88FZp4R/d135.png,04-03-2022
666,UKR,Tanks,T-64BV,captured,https://i.postimg.cc/Qdn1WwKw/fgj.png,04-03-2022
667,UKR,Tanks,T-64BV,destroyed,https://i.postimg.cc/mgntjg7P/763.png,04-03-2022
668,UKR,Tanks,T-64BV,destroyed,https://i.postimg.cc/59wN4Ybq/689.png,04-03-2022
669,UKR,Tanks,T-64BV,destroyed,https://i.postimg.cc/fWBW5NVQ/558.png,04-03-2022
670,UKR,Tanks,T-64BV,destroyed,https://i.postimg.cc/442p3Kn8/443.png,04-03-2022
671,UKR,Tanks,T-64BV,destroyed,https://i.postimg.cc/gjqt7JQh/445.png,04-03-2022
672,UKR,Tanks,T-64BV,destroyed,https://i.postimg.cc/qB9sVyfT/223.png,04-03-2022
673,UKR,Tanks,T-64BV,destroyed,https://i.postimg.cc/jSkfDQJC/765.png,04-03-2022
674,UKR,Tanks,T-64BV,destroyed,https://i.postimg.cc/jSkfDQJC/765.png,04-03-2022
675,UKR,Tanks,T-64BV,destroyed,https://i.postimg.cc/C1XTdKjW/n8.png,04-03-2022
676,UKR,Tanks,T-64BV,destroyed,https://i.postimg.cc/44zyTqfZ/o9.png,04-03-2022
677,UKR,Tanks,T-64BV,destroyed,https://i.postimg.cc/zfdggTnG/17.png,04-03-2022
678,UKR,Tanks,T-64BV,abandoned,https://i.postimg.cc/rFzZ43Zg/578.png,04-03-2022
679,UKR,Tanks,T-64BV,abandoned,https://i.postimg.cc/vBTn2B8C/467.png,04-03-2022
680,UKR,Tanks,T-64BV,abandoned,https://i.postimg.cc/vBTn2B8C/467.png,04-03-2022
681,UKR,Tanks,T-64BV,abandoned,https://i.postimg.cc/8Pf8WQWH/557l.png,04-03-2022
682,UKR,Tanks,T-64BV,abandoned,https://i.postimg.cc/8Pf8WQWH/557l.png,04-03-2022
683,UKR,Tanks,T-64BV,abandoned,https://i.postimg.cc/fTV39LBr/5570.png,04-03-2022
684,UKR,Tanks,T-64BV,abandoned,https://i.postimg.cc/qBsnPDXc/5548.png,04-03-2022
685,UKR,Tanks,T-64BV,abandoned,https://i.postimg.cc/k5m1QQ2y/dd3.png,04-03-2022
686,UKR,Tanks,T-64BV,damaged and abandoned,https://i.postimg.cc/CLn96SZZ/f7.png,04-03-2022
687,UKR,Tanks,T-64BV,damaged and captured,https://i.postimg.cc/6QWhgDnj/j8.png,04-03-2022
688,UKR,Tanks,T-80BV,abandoned,https://i.postimg.cc/MHW2qp47/d39.png,04-03-2022
689,UKR,Tanks,T-80BV,damaged and captured,https://i.postimg.cc/0jXKJsjL/f58.png,04-03-2022
690,UKR,Armoured Fighting Vehicles,BRM-1K,captured,https://i.postimg.cc/ZnMyg04W/6669.jpg ,04-03-2022
691,UKR,Armoured Fighting Vehicles,BRM-1K,damaged and captured,https://i.postimg.cc/tC4jmbcK/446.png,04-03-2022
692,UKR,Armoured Fighting Vehicles,BMP-1Khs,destroyed,https://i.postimg.cc/VLdFx7YY/b7.png,04-03-2022
693,UKR,Armoured Fighting Vehicles,BRDM-2,captured,https://i.postimg.cc/wjZZCBgG/Screenshot-8367.png,04-03-2022
694,UKR,Armoured Fighting Vehicles,BRDM-2,captured,https://i.postimg.cc/SxJH19F9/Screenshot-8366.png,04-03-2022
695,UKR,Armoured Fighting Vehicles,BRDM-2,captured,https://i.postimg.cc/rmGLQ7dz/ff4.png,04-03-2022
696,UKR,Armoured Fighting Vehicles,BRDM-2,captured,https://i.postimg.cc/MKcHscPj/g544.png,04-03-2022
697,UKR,Armoured Fighting Vehicles,BRDM-2,captured,https://i.postimg.cc/XvMt3H7S/4gj.png,04-03-2022
698,UKR,Armoured Fighting Vehicles,BRDM-2,destroyed,https://i.postimg.cc/R0PRks7V/n5.png,04-03-2022
699,UKR,Armoured Fighting Vehicles,BRDM-2,destroyed,https://i.postimg.cc/Ghhp2XG1/n6.png,04-03-2022
700,UKR,Armoured Fighting Vehicles,BRDM-2,destroyed,https://i.postimg.cc/gk37TCky/57h.png,04-03-2022
701,UKR,Armoured Fighting Vehicles,BRDM-2,abandoned,https://i.postimg.cc/TYfDBCPr/577.png,04-03-2022
702,UKR,Armoured Fighting Vehicles,BRDM-2,abandoned,https://i.postimg.cc/zGQd8V3S/4437.png,04-03-2022
703,UKR,Armoured Fighting Vehicles,BRDM-2,abandoned,https://i.postimg.cc/KYF1K5KZ/5547.png,04-03-2022
704,UKR,Armoured Fighting Vehicles,BRDM-2,abandoned,https://i.postimg.cc/x1Pz37Vk/5577.png,04-03-2022
705,UKR,Armoured Fighting Vehicles,BRDM-2,abandoned,https://i.postimg.cc/x1q26JWK/443o.png,04-03-2022
706,UKR,Armoured Fighting Vehicles,BRDM-2,abandoned,https://i.postimg.cc/7Pg0LbtM/553.png,04-03-2022
707,UKR,Armoured Fighting Vehicles,BRDM-2,abandoned,https://i.postimg.cc/DZ1JmY6y/4436.png,04-03-2022
708,UKR,Armoured Fighting Vehicles,BRDM-2,abandoned,https://i.postimg.cc/cLp0yYYV/795.png,04-03-2022
709,UKR,Armoured Fighting Vehicles,9P148 Konkurs ATGM carrier,captured,https://i.postimg.cc/7PV70ZVz/4366.png,04-03-2022
710,UKR,Armoured Fighting Vehicles,9P148 Konkurs ATGM carrier,destroyed,https://i.postimg.cc/8cpL1BtZ/k2.png,04-03-2022
711,UKR,Armoured Fighting Vehicles,9P148 Konkurs ATGM carrier,destroyed,https://i.postimg.cc/JncbVdcy/k1.png,04-03-2022
712,UKR,Armoured Fighting Vehicles,MT-LB,destroyed,https://i.postimg.cc/ry4rL6Zz/4fs.png,04-03-2022
713,UKR,Armoured Fighting Vehicles,MT-LB,destroyed,https://i.postimg.cc/26y63cZK/f46.png,04-03-2022
714,UKR,Armoured Fighting Vehicles,MT-LB,abandoned,https://i.postimg.cc/D00sLq8C/Screenshot-8261.png ,04-03-2022
715,UKR,Armoured Fighting Vehicles,MT-LB Ambulance,abandoned,https://i.postimg.cc/3Jv5s5tq/468.png ,04-03-2022
716,UKR,Armoured Fighting Vehicles,BSEM-4K,destroyed,https://i.postimg.cc/5yjhTNPP/Screenshot-8306.png,04-03-2022
717,UKR,Armoured Fighting Vehicles,MT-LBu,damaged and abandoned,https://i.postimg.cc/ZYHxJ6rp/Screenshot-8036.png,04-03-2022
718,UKR,Infantry Fighting Vehicles,BMP-1(P),destroyed,https://i.postimg.cc/TwZXLdT1/d67.png,04-03-2022
719,UKR,Infantry Fighting Vehicles,BMP-1(P),destroyed,https://i.postimg.cc/V6Xg1gbX/886.png,04-03-2022
720,UKR,Infantry Fighting Vehicles,BMP-1(P),destroyed,https://i.postimg.cc/W4X6yy25/443689.png,04-03-2022
721,UKR,Infantry Fighting Vehicles,BMP-1(P),abandoned,https://i.postimg.cc/nzYYjDN8/Screenshot-8035.png,04-03-2022
722,UKR,Infantry Fighting Vehicles,BMP-1(P),abandoned,https://i.postimg.cc/8cZRwV1t/Screenshot-8037.png,04-03-2022
723,UKR,Infantry Fighting Vehicles,BMP-1(P),abandoned,https://i.postimg.cc/vTY7Wmd4/Screenshot-8038.png,04-03-2022
724,UKR,Infantry Fighting Vehicles,BMP-1(P),abandoned,https://i.postimg.cc/TYfDBCPr/577.png,04-03-2022
725,UKR,Infantry Fighting Vehicles,BMP-1(P),damaged and abandoned,https://i.postimg.cc/vmNpXbHQ/gg2.png,04-03-2022
726,UKR,Infantry Fighting Vehicles,BMP-2,captured,https://i.postimg.cc/rpTdbQ9m/29.png,04-03-2022
727,UKR,Infantry Fighting Vehicles,BMP-2,abandoned,https://i.postimg.cc/xT3v6qKT/4470.png ,04-03-2022
728,UKR,Infantry Fighting Vehicles,BTR-4,captured,https://i.postimg.cc/tCP3NpHR/c1.png,04-03-2022
729,UKR,Infantry Fighting Vehicles,BTR-4,captured,https://i.postimg.cc/htB9C6SL/c2.png,04-03-2022
730,UKR,Infantry Fighting Vehicles,BTR-4,captured,https://i.postimg.cc/wBxnxNsW/5g.png,04-03-2022
731,UKR,Infantry Fighting Vehicles,BTR-4,captured,https://i.postimg.cc/hvD5vnK7/c2.png,04-03-2022
732,UKR,Infantry Fighting Vehicles,BTR-4,captured,https://i.postimg.cc/QCfnWzMY/c3.png,04-03-2022
733,UKR,Infantry Fighting Vehicles,BTR-4,captured,https://i.postimg.cc/Nf0nwQN3/c4.png,04-03-2022
734,UKR,Infantry Fighting Vehicles,BTR-4,captured,https://i.postimg.cc/tCmMq8wY/c5.png,04-03-2022
735,UKR,Infantry Fighting Vehicles,BTR-4,destroyed,https://i.postimg.cc/W42RL0Ld/5554.png,04-03-2022
736,UKR,Infantry Fighting Vehicles,BTR-4,destroyed,https://i.postimg.cc/bYFbd2PW/6658.png,04-03-2022
737,UKR,Infantry Fighting Vehicles,BTR-4,destroyed,https://i.postimg.cc/LXydxZVY/Screenshot-8305.png,04-03-2022
738,UKR,Infantry Fighting Vehicles,BTR-4,destroyed,https://i.postimg.cc/7brvpRmG/665333.png,04-03-2022
739,UKR,Infantry Fighting Vehicles,BTR-4,destroyed,https://i.postimg.cc/jSHryW7b/c8.png,04-03-2022
740,UKR,Infantry Fighting Vehicles,BTR-4,destroyed,https://i.postimg.cc/C15RVTCJ/13.png,04-03-2022
741,UKR,Infantry Fighting Vehicles,BTR-4,abandoned,https://i.postimg.cc/mkdGX6cb/447.png,04-03-2022
742,UKR,Infantry Fighting Vehicles,BTR-4,abandoned,https://i.postimg.cc/prqTHBXt/98.jpg,04-03-2022
743,UKR,Infantry Fighting Vehicles,BTR-3,captured,https://i.postimg.cc/wv6zrZdn/Screenshot-8248.png ,04-03-2022
744,UKR,Infantry Fighting Vehicles,BTR-3,captured,https://i.postimg.cc/m2kRmDDP/g789.png,04-03-2022
745,UKR,Infantry Fighting Vehicles,BTR-3,captured,https://i.postimg.cc/m2kRmDDP/g789.png,04-03-2022
746,UKR,Infantry Fighting Vehicles,BTR-3,captured,https://i.postimg.cc/m2kRmDDP/g789.png,04-03-2022
747,UKR,Infantry Fighting Vehicles,BTR-3,destroyed,https://i.postimg.cc/Cx33pLj5/4482.png,04-03-2022
748,UKR,Armoured Personnel Carriers,BTR-60,captured,https://i.postimg.cc/wv5Mw3LL/Screenshot-8388.png,04-03-2022
749,UKR,Armoured Personnel Carriers,BTR-60,captured,https://i.postimg.cc/brZyFMTj/f4d.png,04-03-2022
750,UKR,Armoured Personnel Carriers,BTR-70,captured,https://i.postimg.cc/9FS2wLRZ/Screenshot-8016.png,04-03-2022
751,UKR,Armoured Personnel Carriers,BTR-70,captured,https://i.postimg.cc/hvpjqwCG/Screenshot-8389.png,04-03-2022
752,UKR,Armoured Personnel Carriers,BTR-70,captured,https://i.postimg.cc/X7fQsQrh/4438.png,04-03-2022
753,UKR,Armoured Personnel Carriers,BTR-70,abandoned,https://i.postimg.cc/RCWcTD3F/579.png,04-03-2022
754,UKR,Armoured Personnel Carriers,BTR-80,captured,https://i.postimg.cc/k4Pf76VB/v1.png,04-03-2022
755,UKR,Armoured Personnel Carriers,BTR-80,captured,https://i.postimg.cc/NM8bFsTb/v2.png,04-03-2022
756,UKR,Armoured Personnel Carriers,BTR-80,captured,https://i.postimg.cc/m2wPCdGj/f5.png,04-03-2022
757,UKR,Armoured Personnel Carriers,BTR-80,captured,https://i.postimg.cc/vmfmGWrJ/f433.png,04-03-2022
758,UKR,Armoured Personnel Carriers,BTR-80,captured,https://i.postimg.cc/vmfmGWrJ/f433.png,04-03-2022
759,UKR,Armoured Personnel Carriers,BTR-80,destroyed,https://i.postimg.cc/Sj0VZnW6/446i.png,04-03-2022
760,UKR,Armoured Personnel Carriers,BTR-80,destroyed,https://i.postimg.cc/1X15nzYz/670.png,04-03-2022
761,UKR,Armoured Personnel Carriers,AT105A 'Saxon',captured,https://i.postimg.cc/Y98MS8hs/344.png,04-03-2022
762,UKR,Armoured Personnel Carriers,Unknown BTR,abandoned,https://i.postimg.cc/524HCBT8/b1.png,04-03-2022
763,UKR,Infantry Mobility Vehicles,HMMWV,destroyed,https://i.postimg.cc/bY3x4Pp9/4478.png,04-03-2022
764,UKR,Infantry Mobility Vehicles,Novator,captured,https://i.postimg.cc/9XsNHnMW/ad4.png,04-03-2022
765,UKR,Infantry Mobility Vehicles,Varta,captured,https://i.postimg.cc/rmJCSVgp/g1.png,04-03-2022
766,UKR,Infantry Mobility Vehicles,Varta,captured,https://i.postimg.cc/MpqsfLzt/66590.png,04-03-2022
767,UKR,Infantry Mobility Vehicles,Varta,captured,https://i.postimg.cc/442p3Kn8/443.png,04-03-2022
768,UKR,Infantry Mobility Vehicles,Varta,captured,https://i.postimg.cc/wj9GFM8d/66579.png,04-03-2022
769,UKR,Infantry Mobility Vehicles,Varta,captured,https://i.postimg.cc/c4jKpNP5/7u.png,04-03-2022
770,UKR,Infantry Mobility Vehicles,Varta,captured,https://i.postimg.cc/VvgqDJDh/7644.png,04-03-2022
771,UKR,Infantry Mobility Vehicles,Kozak-2,captured,https://i.postimg.cc/kMcBVF09/f4.png,04-03-2022
772,UKR,Infantry Mobility Vehicles,Kozak-2,destroyed,https://i.postimg.cc/L6pqJk7y/58.png,04-03-2022
773,UKR,Infantry Mobility Vehicles,Kozak-2,abandoned,https://postimg.cc/JD2WNfPx,04-03-2022
774,UKR,Infantry Mobility Vehicles,Kozak-2,damaged and captured,https://i.postimg.cc/1XzJ7nhW/d2g.png,04-03-2022
775,UKR,Anti-tank Guided Missiles,9M111 Fagot,captured,https://i.postimg.cc/SKTK2DpT/164.png,04-03-2022
776,UKR,Anti-tank Guided Missiles,9M111 Fagot,captured,https://i.postimg.cc/SKTK2DpT/164.png,04-03-2022
777,UKR,Anti-tank Guided Missiles,9M113 Konkurs,captured,https://postimg.cc/xqXcSYBj ,04-03-2022
778,UKR,Anti-tank Guided Missiles,9M113 Konkurs,captured,https://postimg.cc/xqXcSYBj ,04-03-2022
779,UKR,Anti-tank Guided Missiles,9M113 Konkurs,captured,https://i.postimg.cc/QCLh1zYb/457.png,04-03-2022
780,UKR,Anti-tank Guided Missiles,9M113 Konkurs,captured,https://i.postimg.cc/QCLh1zYb/457.png,04-03-2022
781,UKR,Anti-tank Guided Missiles,9M113 Konkurs,captured,https://i.postimg.cc/QCLh1zYb/457.png,04-03-2022
782,UKR,Anti-tank Guided Missiles,9M113 Konkurs,captured,https://i.postimg.cc/QCLh1zYb/457.png,04-03-2022
783,UKR,Anti-tank Guided Missiles,9M113 Konkurs,captured,https://i.postimg.cc/QCLh1zYb/457.png,04-03-2022
784,UKR,Anti-tank Guided Missiles,9M113 Konkurs,captured,https://i.postimg.cc/QCLh1zYb/457.png,04-03-2022
785,UKR,Anti-tank Guided Missiles,9M113 Konkurs,captured,https://i.postimg.cc/QCLh1zYb/457.png,04-03-2022
786,UKR,Anti-tank Guided Missiles,RK-3 Corsar,captured,https://i.postimg.cc/h4sVF71y/c56.png,04-03-2022
787,UKR,Anti-tank Guided Missiles,MBT LAW 'NLAW',captured,https://twitter.com/Caucasuswar/status/1497165090835083293,04-03-2022
788,UKR,Anti-tank Guided Missiles,MBT LAW 'NLAW',captured,https://i.postimg.cc/RCdVxFvX/772.png,04-03-2022
789,UKR,Anti-tank Guided Missiles,MBT LAW 'NLAW',captured,https://i.postimg.cc/RCdVxFvX/772.png,04-03-2022
790,UKR,Anti-tank Guided Missiles,MBT LAW 'NLAW',captured,https://i.postimg.cc/RCdVxFvX/772.png,04-03-2022
791,UKR,Anti-tank Guided Missiles,MBT LAW 'NLAW',captured,https://i.postimg.cc/RCdVxFvX/772.png,04-03-2022
792,UKR,Anti-tank Guided Missiles,MBT LAW 'NLAW',captured,https://i.postimg.cc/RCdVxFvX/772.png,04-03-2022
793,UKR,Anti-tank Guided Missiles,MBT LAW 'NLAW',captured,https://i.postimg.cc/RCdVxFvX/772.png,04-03-2022
794,UKR,Anti-tank Guided Missiles,MBT LAW 'NLAW',captured,https://i.postimg.cc/RCdVxFvX/772.png,04-03-2022
795,UKR,Anti-tank Guided Missiles,MBT LAW 'NLAW',captured,https://i.postimg.cc/4xhpF2Yg/5549.png,04-03-2022
796,UKR,Anti-tank Guided Missiles,MBT LAW 'NLAW',captured,https://i.postimg.cc/4xhpF2Yg/5549.png,04-03-2022
797,UKR,Anti-tank Guided Missiles,MBT LAW 'NLAW',captured,https://i.postimg.cc/4xhpF2Yg/5549.png,04-03-2022
798,UKR,Anti-tank Guided Missiles,MBT LAW 'NLAW',captured,https://i.postimg.cc/4xhpF2Yg/5549.png,04-03-2022
799,UKR,Anti-tank Guided Missiles,MBT LAW 'NLAW',captured,https://i.postimg.cc/4xhpF2Yg/5549.png,04-03-2022
800,UKR,Anti-tank Guided Missiles,MBT LAW 'NLAW',captured,https://i.postimg.cc/4xhpF2Yg/5549.png,04-03-2022
801,UKR,Man-Portable Air Defence Systems,9K38 Igla,captured,https://i.postimg.cc/4xhpF2Yg/5549.png,04-03-2022
802,UKR,Man-Portable Air Defence Systems,9K38 Igla,captured,https://i.postimg.cc/DZQBPj2h/fs.png,04-03-2022
803,UKR,Man-Portable Air Defence Systems,9K38 Igla,captured,https://i.postimg.cc/DZQBPj2h/fs.png,04-03-2022
804,UKR,Man-Portable Air Defence Systems,9K310 Igla-1,captured,https://postlmg.cc/PNLkmdpw,04-03-2022
805,UKR,Man-Portable Air Defence Systems,9K310 Igla-1,captured,https://postlmg.cc/PNLkmdpw,04-03-2022
806,UKR,Man-Portable Air Defence Systems,9K310 Igla-1,captured,https://i.postimg.cc/4xhpF2Yg/5549.png,04-03-2022
807,UKR,Man-Portable Air Defence Systems,9K310 Igla-1,captured,https://i.postimg.cc/4xhpF2Yg/5549.png,04-03-2022
808,UKR,Man-Portable Air Defence Systems,9K310 Igla-1,captured,https://i.postimg.cc/4xhpF2Yg/5549.png,04-03-2022
809,UKR,Man-Portable Air Defence Systems,9K310 Igla-1,captured,https://i.postimg.cc/4xhpF2Yg/5549.png,04-03-2022
810,UKR,Man-Portable Air Defence Systems,9K310 Igla-1,captured,https://i.postimg.cc/WbYS8JPd/2gh.png,04-03-2022
811,UKR,Man-Portable Air Defence Systems,9K310 Igla-1,captured,https://i.postimg.cc/WbYS8JPd/2gh.png,04-03-2022
812,UKR,Man-Portable Air Defence Systems,9K310 Igla-1,captured,https://i.postimg.cc/WbYS8JPd/2gh.png,04-03-2022
813,UKR,Man-Portable Air Defence Systems,9K310 Igla-1,captured,https://i.postimg.cc/WbYS8JPd/2gh.png,04-03-2022
814,UKR,Towed Artillery,100mm MT-12 anti-tank gun,captured,https://i.postimg.cc/rwkdKVj0/g5d.png,04-03-2022
815,UKR,Towed Artillery,100mm MT-12 anti-tank gun,abandoned,https://i.postimg.cc/MGrVpjLq/n2.png,04-03-2022
816,UKR,Towed Artillery,152mm 2A65 Msta-B howitzer,abandoned,https://i.postimg.cc/zfBM7CWN/Screenshot-8227.png,04-03-2022
817,UKR,Towed Artillery,152mm 2A65 Msta-B howitzer,abandoned,https://i.postimg.cc/gj9TG17c/Screenshot-8228.png,04-03-2022
818,UKR,Self-Propelled Artillery,122mm 2S1 Gvozdika,captured,https://i.postimg.cc/x1nDQ4cP/Screenshot-8055.png,04-03-2022
819,UKR,Self-Propelled Artillery,122mm 2S1 Gvozdika,captured,https://postimg.cc/dh3pzgQm,04-03-2022
820,UKR,Self-Propelled Artillery,122mm 2S1 Gvozdika,captured,https://i.postimg.cc/v80csqYp/f67.png,04-03-2022
821,UKR,Self-Propelled Artillery,122mm 2S1 Gvozdika,destroyed,https://i.postimg.cc/43cbmftq/4466.png,04-03-2022
822,UKR,Self-Propelled Artillery,122mm 2S1 Gvozdika,destroyed,https://i.postimg.cc/R0r6NcvQ/5577.png,04-03-2022
823,UKR,Self-Propelled Artillery,122mm 2S1 Gvozdika,abandoned,https://i.postimg.cc/MKTfGGmK/334.png,04-03-2022
824,UKR,Anti-Aircraft Guns,23mm ZU-23,captured,https://i.postimg.cc/2SDv44Hd/nm8.png,04-03-2022
825,UKR,Surface-To-Air Missile Systems,5P85D (launcher for S-300PS),destroyed,https://i.postimg.cc/50rg9crH/4488.png,04-03-2022
826,UKR,Surface-To-Air Missile Systems,9K33 Osa,destroyed,https://i.postimg.cc/wM1d9gZR/b8.png,04-03-2022
827,UKR,Surface-To-Air Missile Systems,9K33 Osa,destroyed,https://i.postimg.cc/ncjkcdJN/589.png,04-03-2022
828,UKR,Surface-To-Air Missile Systems,9K33 Osa,destroyed,https://i.postimg.cc/9F6xPsMT/5547.png,04-03-2022
829,UKR,Surface-To-Air Missile Systems,9K33 Osa,destroyed,https://i.postimg.cc/bNHKQS1X/d12.png,04-03-2022
830,UKR,Surface-To-Air Missile Systems,9K35 Strela-10,destroyed,https://i.postimg.cc/XqQbB43w/4436.png ,04-03-2022
831,UKR,Surface-To-Air Missile Systems,Buk-M1,destroyed,https://i.postimg.cc/65Hjk0rQ/5542.png,04-03-2022
832,UKR,Radars,P-14ย'Tall King',damaged,https://i.postimg.cc/rpWmrPLb/57.png,04-03-2022
833,UKR,Radars,P-35/37 'Bar Lock',destroyed,https://i.postimg.cc/WpShQwBk/5547.png,04-03-2022
834,UKR,Radars,PRV-13 'Odd Pair',destroyed,https://i.postimg.cc/pXwx79Lj/557.png,04-03-2022
835,UKR,Radars,1L22 'Parol',damaged,https://postimg.cc/9Dcvz02c,04-03-2022
836,UKR,Radars,1L22 'Parol',destroyed,https://i.postimg.cc/SRjk0C96/6659.png,04-03-2022
837,UKR,Aircraft,Su-27 fighter aircraft,destroyed,https://i.postimg.cc/XYtMphyC/5h.png,04-03-2022
838,UKR,Aircraft,Su-27 fighter aircraft,destroyed,https://i.postimg.cc/bN1TbkjC/46.png,04-03-2022
839,UKR,Aircraft,Su-27 fighter aircraft,destroyed,https://twitter.com/mil_in_ua/status/1499342154078072832?s=20&t=bcSrtaBM5RESkHmxbxd-lQ,04-03-2022
840,UKR,Aircraft,Su-25 attack aircraft,destroyed,https://i.postimg.cc/YC63jp5h/p1.png,04-03-2022
841,UKR,Aircraft,Su-25 attack aircraft,destroyed,https://i.postimg.cc/zfqkgsNp/p2.png,04-03-2022
842,UKR,Aircraft,An-26 transport aircraft,destroyed,https://i.postimg.cc/rmdB2PLQ/489.png,04-03-2022
843,UKR,Aircraft,An-225,destroyed,https://i.postimg.cc/T31FmtcF/d60.png,04-03-2022
844,UKR,Naval Ships,Krivak III class frigate 'Hetman Sahaydachniy',scuttled to prevent capture by Russia,https://i.postimg.cc/yxy8CH6r/469.png,04-03-2022
845,UKR,"Trucks, Vehicles and Jeeps",KrAZ-6322,captured,https://postimg.cc/0zzW9YYS,04-03-2022
846,UKR,"Trucks, Vehicles and Jeeps",KrAZ-6322,captured,https://postimg.cc/G9jSKh34,04-03-2022
847,UKR,"Trucks, Vehicles and Jeeps",KrAZ-6322,captured,https://postimg.cc/v4CPT4hN,04-03-2022
848,UKR,"Trucks, Vehicles and Jeeps",KrAZ-6322,captured,https://postimg.cc/dLpRmzC7,04-03-2022
849,UKR,"Trucks, Vehicles and Jeeps",KrAZ-6322,captured,https://postimg.cc/jC9nGySm,04-03-2022
850,UKR,"Trucks, Vehicles and Jeeps",KrAZ-6322,destroyed,https://i.postimg.cc/0QMkBhwk/Screenshot-8021.png,04-03-2022
851,UKR,"Trucks, Vehicles and Jeeps",GAZ-66,damaged,https://i.postimg.cc/gjhmvGsF/g3.png,04-03-2022
852,UKR,"Trucks, Vehicles and Jeeps",GAZ-66,captured,https://i.postimg.cc/9MGPZgQM/Screenshot-8017.png,04-03-2022
853,UKR,"Trucks, Vehicles and Jeeps",GAZ-66,captured,https://i.postimg.cc/1RVZrFkD/Screenshot-8053.png,04-03-2022
854,UKR,"Trucks, Vehicles and Jeeps",GAZ-66,captured,https://i.postimg.cc/jdz0Gbd5/Screenshot-8054.png,04-03-2022
855,UKR,"Trucks, Vehicles and Jeeps",GAZ-66,captured,https://i.postimg.cc/R0vMzqRd/g544.png,04-03-2022
856,UKR,"Trucks, Vehicles and Jeeps",GAZ-66,destroyed,https://postimg.cc/PP20VdH5,04-03-2022
857,UKR,"Trucks, Vehicles and Jeeps",GAZ-66,destroyed,https://i.postimg.cc/hjdXLc6L/4f.png,04-03-2022
858,UKR,"Trucks, Vehicles and Jeeps",GAZ-66,abandoned,https://i.postimg.cc/qvyKsBvd/Screenshot-8260.png,04-03-2022
859,UKR,"Trucks, Vehicles and Jeeps",GAZ-66,damaged and abandoned,https://i.postimg.cc/YC0mqTkH/58.png,04-03-2022
860,UKR,"Trucks, Vehicles and Jeeps",GAZ-66,damaged and abandoned,https://i.postimg.cc/gj9TG17c/Screenshot-8228.png,04-03-2022
861,UKR,"Trucks, Vehicles and Jeeps",ZiL-131,captured,https://i.postimg.cc/P5Y9S2VJ/d23.png,04-03-2022
862,UKR,"Trucks, Vehicles and Jeeps",ZiL-131,captured,https://i.postimg.cc/vBpfYjxd/g8.png,04-03-2022
863,UKR,"Trucks, Vehicles and Jeeps",ZiL-131,destroyed,https://i.postimg.cc/t4mkVgHr/36.png,04-03-2022
864,UKR,"Trucks, Vehicles and Jeeps",ZiL-131,destroyed,https://i.postimg.cc/kgPHnGM8/j8.png,04-03-2022
865,UKR,"Trucks, Vehicles and Jeeps",ZiL-131,destroyed,https://i.postimg.cc/yxvN7tc3/69.png,04-03-2022
866,UKR,"Trucks, Vehicles and Jeeps",ZiL-131,destroyed,https://i.postimg.cc/TPjprZk7/g7889.png,04-03-2022
867,UKR,"Trucks, Vehicles and Jeeps",ZiL-131,abandoned,https://i.postimg.cc/0j3LGCqH/Screenshot-8103.png,04-03-2022
868,UKR,"Trucks, Vehicles and Jeeps",Ural-375D,captured,https://i.postimg.cc/FKC8wRyc/Screenshot-8025.png,04-03-2022
869,UKR,"Trucks, Vehicles and Jeeps",Ural-375D,destroyed,https://i.postimg.cc/3wXqjPj0/Screenshot-8077.png,04-03-2022
870,UKR,"Trucks, Vehicles and Jeeps",Ural-4320,captured,https://i.postimg.cc/2SHMm16F/456.png,04-03-2022
871,UKR,"Trucks, Vehicles and Jeeps",Ural-4320,destroyed,https://postimg.cc/yJNnspb7,04-03-2022
872,UKR,"Trucks, Vehicles and Jeeps",Ural-4320,destroyed,https://i.postimg.cc/vmqnP67C/223.png,04-03-2022
873,UKR,"Trucks, Vehicles and Jeeps",Ural-4320,destroyed,https://i.postimg.cc/rshQS3MH/f4.png,04-03-2022
874,UKR,"Trucks, Vehicles and Jeeps",KamAZ,destroyed,https://i.postimg.cc/6pr9sdqZ/Screenshot-8019.png,04-03-2022
875,UKR,"Trucks, Vehicles and Jeeps",MAZ-537,destroyed,https://i.postimg.cc/25RJZzWf/Screenshot-8076.png,04-03-2022
876,UKR,"Trucks, Vehicles and Jeeps",MAZ,damaged,https://i.postimg.cc/9fRbHBdp/f3.png,04-03-2022
877,UKR,"Trucks, Vehicles and Jeeps",MAZ,destroyed,https://i.postimg.cc/nL8S357x/6h.png,04-03-2022
878,UKR,"Trucks, Vehicles and Jeeps",MAZ,destroyed,https://i.postimg.cc/26dvvmgq/t12.png,04-03-2022
879,UKR,"Trucks, Vehicles and Jeeps",MAZ,destroyed,https://i.postimg.cc/g25vbgv0/t11.png,04-03-2022
880,UKR,"Trucks, Vehicles and Jeeps",MAZ,destroyed,https://i.postimg.cc/52g8DrqH/n1.png,04-03-2022
881,UKR,"Trucks, Vehicles and Jeeps",MAZ,destroyed,https://i.postimg.cc/5NBFhrqB/223.png,04-03-2022
882,UKR,"Trucks, Vehicles and Jeeps",MAZ,destroyed,https://i.postimg.cc/DfttyLxg/4r.png,04-03-2022
883,UKR,"Trucks, Vehicles and Jeeps",MAZ,destroyed,https://i.postimg.cc/L6dvbgC5/v48.png,04-03-2022
884,UKR,"Trucks, Vehicles and Jeeps",MAZ,abandoned,https://i.postimg.cc/ZRVpWfKB/Screenshot-8260.png,04-03-2022
885,UKR,"Trucks, Vehicles and Jeeps",UAZ-469,captured,https://i.postimg.cc/tgpMs65F/Screenshot-8026.png,04-03-2022
886,UKR,"Trucks, Vehicles and Jeeps",Unknown truck,captured,https://i.postimg.cc/JnP8Cxr0/Screenshot-8249.png,04-03-2022
887,UKR,"Trucks, Vehicles and Jeeps",Unknown truck,destroyed,https://i.postimg.cc/vBdfY7td/Screenshot-8019.png,04-03-2022
888,UKR,"Trucks, Vehicles and Jeeps",Unknown truck,destroyed,https://i.postimg.cc/gj9TG17c/Screenshot-8228.png,04-03-2022
889,UKR,"Trucks, Vehicles and Jeeps",Unknown truck,destroyed,https://i.postimg.cc/jScSwHTb/Screenshot-8020.png,04-03-2022
890,UKR,"Trucks, Vehicles and Jeeps",Unknown truck,abandoned,https://i.postimg.cc/28tzT4wY/54.png,04-03-2022
891,UKR,"Trucks, Vehicles and Jeeps",Unknown truck,abandoned,https://i.postimg.cc/28tzT4wY/54.png,04-03-2022
892,UKR,"Trucks, Vehicles and Jeeps",Unknown truck,damaged and abandoned,https://i.postimg.cc/3Jzj3bLL/bnm.png,04-03-2022
